GYRO: 19219,1,0.041,0.079,0.107
GYRO: 19649,1,-0.051,0.186,-0.290
GYRO: 20150,1,-0.066,-0.043,0.153
GYRO: 20652,1,-0.081,0.186,-0.107
GYRO: 21156,1,0.255,-0.196,-0.260
GYRO: 21655,1,0.102,-0.257,-0.183
GYRO: 22158,1,0.056,-0.409,0.153
GYRO: 22659,1,0.194,0.461,0.092
GYRO: 23160,1,-0.035,0.140,-0.107
GYRO: 23661,1,0.331,0.430,-0.046
GYRO: 24162,1,-0.158,-0.135,-0.305
GYRO: 24663,1,0.270,-0.623,0.092
GYRO: 25165,1,0.453,0.430,0.198
GYRO: 25745,1,0.606,0.110,-0.229
GYRO: 26167,1,0.209,0.064,-0.183
GYRO: 26668,1,-0.265,0.094,-0.183
GYRO: 27169,1,-0.005,0.537,-0.260
GYRO: 27671,1,0.209,-0.455,0.259
GYRO: 28173,1,0.087,0.308,-0.351
GYRO: 28675,1,-0.097,-0.119,-0.122
GYRO: 29176,1,0.041,0.003,-0.489
GYRO: 29677,1,-0.173,-0.165,0.427
GYRO: 30179,1,0.056,0.247,0.275
GYRO: 30684,1,-0.188,-0.150,0.137
GYRO: 31182,1,-0.005,0.033,-0.046
GYRO: 31685,1,0.026,0.308,0.229
GYRO: 32187,1,0.041,-0.196,0.137
GYRO: 32687,1,-0.020,0.094,0.168
GYRO: 33190,1,0.010,-0.104,-0.092
GYRO: 33696,1,0.209,-0.043,-0.031
GYRO: 34192,1,0.209,0.018,0.015
GYRO: 34693,1,0.102,-0.898,-0.183
GYRO: 35196,1,0.194,0.094,0.076
GYRO: 35697,1,0.300,-0.501,0.030
GYRO: 36198,1,-0.188,-0.150,-0.122
GYRO: 36702,1,0.300,0.323,0.214
GYRO: 37275,1,-0.158,0.201,-0.076
GYRO: 37701,1,0.117,-0.440,-0.199
GYRO: 38202,1,0.041,0.094,0.168
GYRO: 38705,1,0.087,0.247,-0.153
GYRO: 39212,1,0.102,-0.012,0.046
GYRO: 39708,1,-0.005,-0.257,0.275
GYRO: 40209,1,0.300,-0.150,0.076
GYRO: 40710,1,0.071,0.155,-0.122
GYRO: 41211,1,-0.020,-0.150,0.076
GYRO: 41712,1,0.163,-0.104,0.168
GYRO: 42218,1,0.148,-0.318,0.015
GYRO: 42713,1,0.255,-0.012,-0.015
GYRO: 43215,1,-0.035,0.003,0.061
GYRO: 43716,1,-0.112,0.430,-0.397
GYRO: 44217,1,0.148,-0.028,0.046
GYRO: 44718,1,0.056,-0.180,0.092
GYRO: 45218,1,0.056,0.018,-0.183
GYRO: 45720,1,0.087,0.247,-0.122
GYRO: 46222,1,-0.005,0.155,-0.336
GYRO: 46723,1,0.438,-0.226,-0.137
GYRO: 47224,1,-0.158,-0.165,-0.061
GYRO: 47729,1,0.285,0.293,-0.305
GYRO: 48227,1,0.087,0.064,0.229
GYRO: 48730,1,0.132,-0.501,0.183
GYRO: 49231,1,0.132,0.018,0.198
GYRO: 49733,1,0.056,0.049,0.046
GYRO: 50336,1,-0.280,0.064,0.321
GYRO: 50742,1,-0.035,-0.012,-0.229
GYRO: 51239,1,0.056,-0.058,0.214
GYRO: 51740,1,0.178,-0.196,0.183
GYRO: 52242,1,-0.112,-0.180,-0.199
GYRO: 52744,1,0.117,0.033,-0.092
GYRO: 53245,1,0.132,-0.058,-0.076
GYRO: 53747,1,0.148,0.400,-0.305
GYRO: 54248,1,0.056,-0.516,0.122
GYRO: 54750,1,0.041,0.217,0.046
GYRO: 55251,1,0.056,-0.425,-0.031
GYRO: 55753,1,0.239,0.094,0.107
GYRO: 56259,1,-0.310,-0.822,-0.214
GYRO: 56754,1,0.300,0.934,-0.061
GYRO: 57255,1,0.224,-0.577,-0.122
GYRO: 57757,1,0.484,0.446,0.092
GYRO: 58258,1,-0.051,0.217,-0.092
GYRO: 58760,1,0.300,-0.348,-0.519
GYRO: 59265,1,0.102,0.339,-0.031
GYRO: 59761,1,0.041,0.476,-0.061
GYRO: 60262,1,-0.310,-0.562,-0.000
GYRO: 60764,1,0.071,0.522,-0.107
GYRO: 61265,1,0.392,-0.623,0.015
GYRO: 61766,1,0.148,1.010,0.137
GYRO: 62269,1,0.163,-0.806,-0.092
GYRO: 62770,1,0.087,1.820,-0.351
GYRO: 63272,1,-0.219,0.018,0.137
GYRO: 63773,1,-0.066,-0.623,-0.428
GYRO: 64274,1,0.346,1.285,-0.199
GYRO: 64779,1,0.560,-2.577,0.382
GYRO: 65277,1,-0.219,1.163,-0.107
GYRO: 65779,1,-0.020,-0.699,-0.260
GYRO: 66280,1,-0.112,-0.501,0.122
GYRO: 66782,1,-0.035,-0.364,-0.031
GYRO: 67286,1,0.056,0.140,0.290
GYRO: 67790,1,0.117,-0.470,-0.092
GYRO: 68287,1,-0.020,0.079,-0.046
GYRO: 68787,1,0.224,0.003,0.183
GYRO: 69289,1,-0.051,-0.516,0.122
GYRO: 69790,1,0.270,0.354,-0.229
GYRO: 70291,1,-0.035,0.094,0.137
GYRO: 70793,1,0.300,-0.165,-0.366
GYRO: 71295,1,0.178,-0.180,-0.397
GYRO: 71796,1,0.392,-0.028,0.153
GYRO: 72298,1,0.468,-0.379,-0.061
GYRO: 72799,1,0.056,-0.608,-0.031
GYRO: 73306,1,-0.035,-0.104,-0.122
GYRO: 73804,1,0.117,0.262,-0.031
GYRO: 74306,1,0.117,-0.028,-0.183
GYRO: 74806,1,0.285,-0.241,-0.076
GYRO: 75308,1,0.148,0.064,-0.153
GYRO: 75809,1,-0.005,-0.257,0.092
GYRO: 76315,1,-0.356,-0.196,0.092
GYRO: 76813,1,0.117,-0.348,0.046
GYRO: 77314,1,0.316,0.125,0.244
GYRO: 77815,1,0.392,-0.883,-0.305
GYRO: 78317,1,0.178,0.171,-0.183
GYRO: 78818,1,0.468,-0.562,0.198
GYRO: 79320,1,-0.280,1.667,-0.428
GYRO: 79822,1,-0.051,-0.654,0.259
GYRO: 80323,1,0.361,0.598,-0.122
GYRO: 80825,1,-0.219,0.934,-0.107
GYRO: 81327,1,0.087,-1.173,0.290
GYRO: 81832,1,-0.234,1.148,0.366
GYRO: 82330,1,0.453,-2.715,0.046
GYRO: 82840,1,-0.081,1.865,-0.244
GYRO: 83334,1,0.499,-2.761,0.153
GYRO: 83835,1,-0.371,1.575,-0.015
GYRO: 84337,1,0.087,-1.936,-0.229
GYRO: 84843,1,0.468,0.339,0.092
GYRO: 85338,1,-0.295,2.598,-0.137
GYRO: 85839,1,0.163,0.690,-0.153
GYRO: 86341,1,0.316,-1.554,0.015
GYRO: 86841,1,0.331,-1.264,-0.076
GYRO: 87343,1,0.453,-1.234,0.214
GYRO: 87843,1,-0.234,0.171,-0.321
GYRO: 88345,1,0.316,-0.547,-0.076
GYRO: 88846,1,0.026,0.064,0.244
GYRO: 89347,1,0.102,0.400,0.534
GYRO: 89848,1,-0.051,-0.486,-0.275
GYRO: 90355,1,0.163,0.201,0.443
GYRO: 90851,1,0.361,-0.196,0.122
GYRO: 91353,1,-0.020,-0.593,0.076
GYRO: 91854,1,0.300,0.552,0.168
GYRO: 92355,1,0.667,-0.104,0.046
GYRO: 92856,1,-0.020,-0.470,0.137
GYRO: 93362,1,0.255,0.415,0.351
GYRO: 93859,1,0.270,0.094,0.076
GYRO: 94360,1,-0.005,-0.547,0.137
GYRO: 94861,1,0.209,-0.028,0.030
GYRO: 95363,1,-0.081,-0.104,0.030
GYRO: 96025,1,0.194,0.308,0.305
GYRO: 96367,1,0.041,0.125,0.321
GYRO: 96868,1,0.117,-0.089,-0.031
GYRO: 97369,1,-0.035,0.262,0.015
GYRO: 97870,1,0.117,-0.150,-0.061
GYRO: 98371,1,0.590,-2.577,0.046
GYRO: 98877,1,0.209,-0.761,0.076
GYRO: 99374,1,0.163,1.377,0.229
GYRO: 99875,1,0.774,-0.928,-0.046
GYRO: 100376,1,0.163,0.827,-0.107
GYRO: 100878,1,0.178,0.308,-0.137
GYRO: 101380,1,-0.051,-0.577,-0.031
GYRO: 101886,1,0.163,0.720,-0.153
GYRO: 102382,1,-0.203,1.239,-0.061
GYRO: 102883,1,0.545,-1.722,0.183
GYRO: 103385,1,-0.097,0.613,0.336
GYRO: 103886,1,-0.051,-0.303,-0.321
GYRO: 104388,1,0.377,-0.272,-0.351
GYRO: 104890,1,-0.035,0.323,0.183
GYRO: 105392,1,0.300,-0.974,0.030
GYRO: 105893,1,0.041,0.675,-0.183
GYRO: 106394,1,0.331,-0.516,-0.031
GYRO: 106896,1,0.163,0.049,0.397
GYRO: 107402,1,0.331,-0.257,-0.290
GYRO: 107899,1,0.117,0.323,0.092
GYRO: 108401,1,0.361,-0.257,0.030
GYRO: 108901,1,-0.097,-0.257,-0.137
GYRO: 109403,1,-0.249,-0.394,-0.336
GYRO: 109903,1,0.392,-0.074,-0.153
GYRO: 110406,1,0.087,-0.455,-0.015
GYRO: 110907,1,0.575,0.217,0.137
GYRO: 111408,1,0.331,-0.180,0.046
GYRO: 111909,1,0.194,-0.425,0.092
GYRO: 112410,1,0.178,0.155,-0.137
GYRO: 112915,1,0.148,-0.135,0.015
GYRO: 113415,1,-0.035,-0.745,-0.290
GYRO: 113913,1,0.407,-0.486,0.137
GYRO: 114414,1,-0.020,0.293,0.046
GYRO: 114915,1,0.392,-0.058,0.122
GYRO: 115417,1,0.071,0.690,0.107
GYRO: 115918,1,0.331,-0.272,-0.321
GYRO: 116420,1,0.163,0.003,-0.092
GYRO: 116921,1,0.316,-0.257,-0.046
GYRO: 117422,1,0.163,0.232,0.168
GYRO: 117924,1,0.224,0.018,-0.214
GYRO: 118430,1,0.178,-0.180,-0.168
GYRO: 118927,1,0.239,0.110,-0.031
GYRO: 119429,1,0.285,0.201,-0.122
GYRO: 119930,1,0.117,-0.303,-0.244
GYRO: 120432,1,0.316,-0.180,0.168
GYRO: 120933,1,0.392,-0.119,0.092
GYRO: 121435,1,0.071,-0.501,0.168
GYRO: 121937,1,0.667,0.232,0.137
GYRO: 122439,1,-0.051,-0.150,-0.397
GYRO: 122940,1,0.239,0.186,-0.061
GYRO: 123442,1,0.346,-0.028,-0.061
GYRO: 123947,1,0.239,-0.196,0.061
GYRO: 124445,1,0.484,-0.776,-0.214
GYRO: 124947,1,0.407,0.247,0.061
GYRO: 125449,1,0.377,-0.303,0.473
GYRO: 125951,1,0.667,-0.318,-0.305
GYRO: 126452,1,0.041,0.140,-0.000
GYRO: 126954,1,0.361,-0.196,0.076
GYRO: 127456,1,0.270,0.446,0.153
GYRO: 127957,1,0.285,0.064,0.229
GYRO: 128459,1,0.377,0.018,0.061
GYRO: 128963,1,0.194,-0.333,-0.076
GYRO: 129467,1,0.178,0.537,0.153
GYRO: 129964,1,0.194,-0.135,-0.305
GYRO: 130465,1,-0.051,0.369,0.183
GYRO: 130967,1,0.270,-0.089,0.198
GYRO: 131468,1,-0.158,0.110,-0.015
GYRO: 131970,1,0.148,-0.577,-0.229
GYRO: 132475,1,0.178,0.293,0.137
GYRO: 132972,1,-0.051,-0.028,-0.031
GYRO: 133472,1,0.331,-0.058,0.107
GYRO: 133976,1,-0.081,-0.364,0.107
GYRO: 134477,1,0.270,-0.104,-0.122
GYRO: 134978,1,0.132,-0.394,0.030
GYRO: 135481,1,0.010,0.262,0.229
GYRO: 135982,1,0.117,0.354,-0.076
GYRO: 136485,1,-0.005,-0.012,-0.107
GYRO: 136989,1,0.270,-0.455,0.092
GYRO: 137491,1,0.285,-0.058,0.122
GYRO: 137997,1,0.087,0.155,0.015
GYRO: 138494,1,0.377,-0.547,-0.229
GYRO: 138995,1,0.194,0.155,0.015
GYRO: 139496,1,0.911,-0.074,0.076
GYRO: 139999,1,0.285,-0.012,-0.031
GYRO: 140499,1,0.209,0.003,-0.122
GYRO: 141061,1,0.178,0.323,-0.061
GYRO: 141541,1,0.300,-0.028,0.046
GYRO: 142004,1,0.148,-0.196,0.168
GYRO: 142507,1,-0.051,-0.532,-0.031
GYRO: 143009,1,0.056,-0.104,-0.199
GYRO: 143514,1,0.270,0.033,-0.092
GYRO: 144013,1,0.194,-0.532,-0.260
GYRO: 144512,1,0.545,0.308,-0.183
GYRO: 145013,1,0.255,-0.257,0.046
GYRO: 145515,1,0.194,-0.012,0.076
GYRO: 146017,1,0.529,-0.577,-0.076
GYRO: 146518,1,-0.035,0.049,0.259
GYRO: 147020,1,0.453,-0.226,-0.076
GYRO: 147522,1,0.346,0.155,-0.000
GYRO: 148023,1,0.667,-0.165,-0.046
GYRO: 148525,1,0.209,-0.012,-0.122
GYRO: 149031,1,0.484,-0.028,0.015
GYRO: 149528,1,0.545,-0.257,-0.275
GYRO: 150030,1,0.484,0.003,-0.046
GYRO: 150531,1,0.209,-0.333,0.168
GYRO: 151032,1,0.148,-0.241,-0.061
GYRO: 151533,1,0.209,-0.058,-0.000
GYRO: 152033,1,0.056,0.110,-0.199
GYRO: 152536,1,0.239,-0.364,-0.168
GYRO: 153037,1,0.163,-0.257,-0.443
GYRO: 153540,1,-0.051,0.155,-0.000
GYRO: 154041,1,0.346,0.125,-0.550
GYRO: 154548,1,0.285,0.232,0.321
GYRO: 155045,1,0.377,0.507,-0.137
GYRO: 155546,1,-0.097,0.018,0.092
GYRO: 156047,1,0.423,-0.043,-0.244
GYRO: 156548,1,0.270,-0.104,-0.076
GYRO: 157050,1,0.224,-0.119,-0.122
GYRO: 157550,1,0.453,-0.486,-0.061
GYRO: 158053,1,0.560,0.125,-0.061
GYRO: 158556,1,0.148,-0.348,0.030
GYRO: 159057,1,0.148,-0.028,-0.107
GYRO: 159560,1,0.407,-0.028,-0.061
GYRO: 160064,1,0.484,-0.012,-0.061
GYRO: 160560,1,0.377,-0.135,-0.076
GYRO: 161061,1,0.194,-0.058,0.061
GYRO: 161562,1,0.529,-0.012,-0.046
GYRO: 162063,1,0.132,-0.348,-0.061
GYRO: 162564,1,0.346,-0.043,-0.076
GYRO: 163070,1,0.346,0.003,-0.168
GYRO: 163567,1,0.361,-0.119,0.030
GYRO: 164070,1,0.255,-0.211,0.107
GYRO: 164573,1,0.132,0.262,-0.031
GYRO: 165076,1,0.453,0.247,0.092
GYRO: 165579,1,0.514,-0.028,0.244
GYRO: 166080,1,0.392,0.155,-0.412
GYRO: 166580,1,0.056,0.018,-0.137
GYRO: 167083,1,0.331,-0.119,0.076
GYRO: 167586,1,0.178,-0.104,-0.290
GYRO: 168089,1,0.102,0.186,0.030
GYRO: 168595,1,0.514,-0.150,0.305
GYRO: 169091,1,0.117,0.186,-0.397
GYRO: 169591,1,0.010,-0.257,-0.137
GYRO: 170094,1,0.056,-0.119,0.259
GYRO: 170594,1,0.300,0.033,-0.199
GYRO: 171097,1,0.041,-0.257,-0.214
GYRO: 171598,1,0.270,0.064,0.061
GYRO: 172101,1,0.804,0.018,0.259
GYRO: 172602,1,-0.097,0.155,0.244
GYRO: 173104,1,0.270,-0.226,-0.107
GYRO: 173604,1,0.300,-0.180,-0.168
GYRO: 174112,1,0.194,0.018,-0.076
GYRO: 174609,1,0.178,-0.119,-0.046
GYRO: 175116,1,0.239,-0.318,0.030
GYRO: 175612,1,0.163,-0.440,0.122
GYRO: 176115,1,0.255,0.064,0.061
GYRO: 176618,1,0.361,0.232,0.015
GYRO: 177119,1,0.148,0.140,0.168
GYRO: 177621,1,0.285,0.201,0.153
GYRO: 178123,1,0.209,-0.119,0.229
GYRO: 178626,1,0.529,0.064,-0.000
GYRO: 179127,1,0.270,-0.104,-0.443
GYRO: 179635,1,0.575,-0.074,0.153
GYRO: 180132,1,0.041,-0.028,-0.092
GYRO: 180633,1,0.285,-0.028,0.259
GYRO: 181136,1,0.300,-0.364,-0.183
GYRO: 181638,1,0.331,-0.241,0.229
GYRO: 182140,1,0.239,0.079,0.290
GYRO: 182641,1,0.285,-0.455,-0.183
GYRO: 183143,1,0.438,0.155,0.107
GYRO: 183645,1,0.361,0.155,-0.000
GYRO: 184147,1,0.224,0.293,-0.137
GYRO: 184650,1,0.117,-0.394,0.198
GYRO: 185157,1,0.056,-0.211,-0.168
GYRO: 185770,1,0.163,0.171,-0.168
GYRO: 186155,1,0.316,-0.211,-0.061
GYRO: 186656,1,0.239,-0.486,-0.122
GYRO: 187157,1,0.499,0.064,-0.183
GYRO: 187658,1,0.331,0.110,-0.137
GYRO: 188165,1,0.071,-0.119,-0.000
GYRO: 188660,1,0.087,0.079,0.198
GYRO: 189163,1,0.148,0.018,-0.137
GYRO: 189663,1,0.194,-0.211,-0.015
GYRO: 190166,1,-0.081,-0.318,-0.122
GYRO: 190673,1,-0.173,-0.119,-0.260
GYRO: 191168,1,0.026,-0.303,-0.015
GYRO: 191670,1,0.255,0.217,0.153
GYRO: 192173,1,0.010,0.033,-0.076
GYRO: 192675,1,0.071,-0.196,-0.076
GYRO: 193176,1,0.300,-0.287,-0.321
GYRO: 193685,1,0.194,-0.074,-0.122
GYRO: 194181,1,0.606,-0.196,0.137
GYRO: 194682,1,0.606,-0.104,-0.092
GYRO: 195185,1,0.560,0.262,-0.092
GYRO: 195686,1,0.392,-0.211,-0.244
GYRO: 196189,1,0.621,-0.043,0.107
GYRO: 196690,1,0.758,0.094,0.183
GYRO: 197191,1,0.484,-0.196,0.275
GYRO: 197694,1,0.392,0.094,0.046
GYRO: 198195,1,0.667,-0.135,-0.031
GYRO: 198696,1,0.148,-0.074,-0.168
GYRO: 199215,1,0.178,-0.241,-0.000
GYRO: 199698,1,0.163,-0.089,-0.305
GYRO: 200200,1,0.606,-0.135,0.107
GYRO: 200701,1,0.102,0.079,0.122
GYRO: 201201,1,0.300,-0.119,-0.260
GYRO: 201703,1,0.041,0.064,0.046
GYRO: 202205,1,0.239,-0.104,0.198
GYRO: 202706,1,0.423,-0.226,-0.137
GYRO: 203207,1,0.270,0.110,-0.199
GYRO: 203708,1,0.209,0.201,-0.122
GYRO: 204209,1,0.285,0.155,0.015
GYRO: 204717,1,0.178,-0.180,-0.107
GYRO: 205214,1,0.041,0.033,0.076
GYRO: 205721,1,0.285,-0.150,-0.260
GYRO: 206216,1,-0.035,-0.241,0.305
GYRO: 206717,1,0.438,0.018,-0.305
GYRO: 207219,1,0.529,0.003,-0.015
GYRO: 207721,1,0.178,-0.257,-0.046
GYRO: 208223,1,0.377,-0.058,-0.153
GYRO: 208724,1,0.758,0.293,-0.015
GYRO: 209226,1,0.545,-0.379,0.046
GYRO: 209729,1,0.224,0.033,-0.244
GYRO: 210236,1,0.468,0.140,0.275
GYRO: 210732,1,0.255,0.293,0.259
GYRO: 211234,1,0.056,-0.638,-0.076
GYRO: 211736,1,-0.035,0.171,0.030
GYRO: 212238,1,0.102,0.384,-0.275
GYRO: 212741,1,0.514,-0.089,0.259
GYRO: 213247,1,0.514,0.339,-0.092
GYRO: 213744,1,0.194,0.018,0.168
GYRO: 214246,1,0.285,-0.425,0.046
GYRO: 214748,1,0.285,-0.104,0.198
GYRO: 215252,1,0.407,-0.104,-0.229
GYRO: 215758,1,0.163,-0.089,-0.076
GYRO: 216254,1,0.361,0.018,0.183
GYRO: 216755,1,0.346,-0.379,-0.153
GYRO: 217256,1,0.331,-0.241,-0.076
GYRO: 217757,1,-0.158,-0.119,-0.168
GYRO: 218259,1,0.392,-0.211,0.259
GYRO: 218779,1,0.285,-0.318,-0.305
GYRO: 219262,1,0.514,-0.211,-0.000
GYRO: 219765,1,0.606,-0.241,0.412
GYRO: 220266,1,0.407,-0.135,-0.244
GYRO: 220768,1,0.270,-0.119,-0.229
GYRO: 221275,1,0.423,0.003,-0.061
GYRO: 221774,1,0.224,-0.089,0.259
GYRO: 222276,1,0.316,-0.303,-0.046
GYRO: 222779,1,0.194,0.171,-0.214
GYRO: 223281,1,0.392,-0.074,-0.244
GYRO: 223782,1,0.026,-0.211,0.107
GYRO: 224288,1,0.499,0.140,0.076
GYRO: 224786,1,0.224,0.186,-0.366
GYRO: 225288,1,0.713,-0.089,0.061
GYRO: 225791,1,0.514,-0.241,-0.229
GYRO: 226293,1,0.590,-0.196,0.046
GYRO: 226794,1,0.255,-0.150,0.046
GYRO: 227296,1,0.361,-0.028,0.030
GYRO: 227798,1,0.346,-0.028,0.168
GYRO: 228301,1,0.468,-0.303,0.107
GYRO: 228803,1,0.499,-0.333,0.351
GYRO: 229306,1,0.606,-0.287,-0.153
GYRO: 229934,1,0.423,0.140,-0.107
GYRO: 230548,1,0.453,-0.043,0.244
GYRO: 230812,1,0.682,-0.089,0.030
GYRO: 231315,1,0.438,-0.241,-0.275
GYRO: 231817,1,0.163,-0.257,-0.321
GYRO: 232318,1,0.270,-0.104,-0.244
GYRO: 232819,1,0.041,-0.394,-0.168
GYRO: 233320,1,0.026,-0.730,-0.122
GYRO: 233821,1,0.270,0.904,0.259
GYRO: 234323,1,0.331,-0.394,0.061
GYRO: 234824,1,0.041,-0.440,-0.031
GYRO: 235330,1,0.209,0.369,-0.031
GYRO: 235827,1,0.346,-0.303,-0.092
GYRO: 236330,1,0.270,-0.226,-0.031
GYRO: 236829,1,0.087,-0.043,-0.153
GYRO: 237329,1,0.606,-0.150,0.153
GYRO: 237831,1,0.209,-0.577,-0.000
GYRO: 238332,1,0.224,0.125,-0.183
GYRO: 238833,1,0.224,-0.577,0.351
GYRO: 239336,1,0.331,0.278,-0.076
GYRO: 239837,1,0.300,-0.180,-0.199
GYRO: 240337,1,0.499,-0.180,-0.061
GYRO: 240843,1,0.346,-0.394,0.061
GYRO: 241340,1,0.423,-0.012,0.153
GYRO: 241841,1,0.331,0.339,0.092
GYRO: 242341,1,0.316,0.033,-0.000
GYRO: 242842,1,0.300,-0.562,-0.168
GYRO: 243344,1,0.789,-0.287,0.107
GYRO: 243850,1,0.377,0.247,-0.260
GYRO: 244345,1,0.102,0.293,-0.076
GYRO: 244846,1,0.499,-0.226,-0.092
GYRO: 245349,1,0.529,-0.089,0.076
GYRO: 245850,1,0.407,0.155,-0.122
GYRO: 246358,1,0.453,-0.028,0.183
GYRO: 246855,1,0.194,-0.180,-0.168
GYRO: 247356,1,0.392,-0.165,0.168
GYRO: 247857,1,0.071,-0.196,-0.031
GYRO: 248359,1,0.621,0.094,0.290
GYRO: 248861,1,0.499,-0.165,0.030
GYRO: 249367,1,0.148,0.049,-0.412
GYRO: 249864,1,0.529,-0.241,0.382
GYRO: 250365,1,0.606,-0.333,-0.183
GYRO: 250866,1,0.377,-0.226,0.183
GYRO: 251368,1,0.285,0.094,0.198
GYRO: 251875,1,0.010,-0.348,-0.137
GYRO: 252372,1,0.056,-0.180,-0.168
GYRO: 252874,1,0.239,-0.104,-0.061
GYRO: 253375,1,0.621,-0.211,-0.122
GYRO: 253876,1,0.392,0.094,0.122
GYRO: 254378,1,0.102,-0.104,-0.031
GYRO: 254886,1,0.789,0.155,0.214
GYRO: 255381,1,0.361,-0.119,-0.153
GYRO: 255882,1,0.194,0.033,0.122
GYRO: 256382,1,0.529,-0.318,0.153
GYRO: 256886,1,0.377,0.354,-0.092
GYRO: 257387,1,0.361,-1.249,-0.214
GYRO: 257888,1,0.804,0.507,-0.000
GYRO: 258388,1,0.514,0.766,-0.092
GYRO: 258890,1,0.423,0.583,0.030
GYRO: 259392,1,-0.127,-0.486,0.137
GYRO: 259893,1,0.697,0.552,-0.214
GYRO: 260399,1,0.529,-0.165,-0.107
GYRO: 260894,1,0.010,-0.654,-0.061
GYRO: 261397,1,0.071,0.736,0.214
GYRO: 261898,1,0.178,1.575,-0.122
GYRO: 262400,1,0.789,1.774,-0.015
GYRO: 262901,1,0.590,1.560,0.030
GYRO: 263403,1,0.194,0.995,0.015
GYRO: 263904,1,0.041,0.033,0.137
GYRO: 264405,1,0.590,-2.119,-0.076
GYRO: 264906,1,0.117,-1.799,0.153
GYRO: 265408,1,0.209,-1.585,0.336
GYRO: 265914,1,0.041,0.415,-0.321
GYRO: 266411,1,0.224,-1.203,-0.015
GYRO: 266912,1,0.636,1.117,-0.092
GYRO: 267414,1,-0.295,-3.173,0.336
GYRO: 267915,1,-0.005,3.010,-0.137
GYRO: 268417,1,0.560,0.797,-0.031
GYRO: 268923,1,0.758,-1.509,-0.061
GYRO: 269419,1,0.270,0.568,-0.092
GYRO: 269920,1,0.346,-1.478,0.198
GYRO: 270422,1,0.346,0.827,-0.168
GYRO: 270923,1,0.392,-0.745,0.519
GYRO: 271431,1,0.255,-0.333,-0.214
GYRO: 271927,1,0.361,0.018,0.046
GYRO: 272430,1,0.545,-0.425,-0.550
GYRO: 272931,1,0.484,0.064,0.030
GYRO: 273433,1,0.331,-0.043,-0.000
GYRO: 273934,1,0.194,-0.638,-0.031
GYRO: 274441,1,-0.081,-1.020,0.336
GYRO: 274976,1,0.529,0.033,-0.107
GYRO: 275439,1,0.178,-0.303,0.092
GYRO: 275940,1,1.003,0.033,0.061
GYRO: 276444,1,0.514,-0.730,-0.137
GYRO: 276946,1,0.102,-0.577,-0.046
GYRO: 277447,1,0.499,-0.806,-0.275
GYRO: 277948,1,0.087,-1.906,-0.153
GYRO: 278449,1,0.697,0.033,-0.168
GYRO: 278951,1,0.331,0.094,0.076
GYRO: 279452,1,0.224,0.751,-0.000
GYRO: 279959,1,0.377,-0.745,0.107
GYRO: 280455,1,0.636,-1.219,-0.000
GYRO: 280958,1,0.056,0.430,0.137
GYRO: 281459,1,0.590,-2.104,-0.305
GYRO: 281962,1,0.026,0.415,-0.519
GYRO: 282467,1,0.621,-1.264,0.107
GYRO: 282967,1,0.041,-0.974,0.122
GYRO: 283470,1,0.377,-1.906,0.107
GYRO: 283973,1,-0.020,-0.913,-0.122
GYRO: 284476,1,0.560,-0.226,-0.107
GYRO: 284979,1,0.758,0.980,0.137
GYRO: 285486,1,0.590,-0.241,-0.061
GYRO: 285983,1,0.407,0.537,0.092
GYRO: 286485,1,0.728,0.247,0.015
GYRO: 286986,1,0.285,-0.959,-0.076
GYRO: 287486,1,0.819,0.232,-0.260
GYRO: 287988,1,0.377,-0.364,0.275
GYRO: 288490,1,0.545,0.140,0.107
GYRO: 288991,1,0.606,-0.089,0.168
GYRO: 289493,1,0.316,-0.257,0.076
GYRO: 289995,1,0.270,0.171,-0.153
GYRO: 290496,1,0.132,-0.028,-0.061
GYRO: 291003,1,0.590,-0.211,0.015
GYRO: 291499,1,0.346,-0.135,-0.061
GYRO: 292001,1,0.453,-0.257,-0.244
GYRO: 292502,1,0.407,-0.425,-0.000
GYRO: 293004,1,0.590,-0.455,-0.107
GYRO: 293505,1,0.300,-0.150,-0.244
GYRO: 294007,1,0.514,-0.119,0.122
GYRO: 294508,1,0.407,0.140,-0.229
GYRO: 295010,1,0.163,-0.135,0.061
GYRO: 295512,1,0.514,-0.425,-0.046
GYRO: 296014,1,0.209,-0.104,0.092
GYRO: 296521,1,0.438,-0.791,-0.031
GYRO: 297018,1,0.453,0.171,-0.000
GYRO: 297522,1,0.545,0.049,0.061
GYRO: 298021,1,0.239,-0.211,-0.229
GYRO: 298523,1,0.590,-0.547,0.015
GYRO: 299024,1,0.652,-0.303,-0.015
GYRO: 299531,1,0.682,0.415,0.092
GYRO: 300027,1,0.056,1.270,-0.061
GYRO: 300529,1,0.590,0.873,-0.305
GYRO: 301031,1,-0.188,-2.699,-0.046
GYRO: 301533,1,0.285,0.797,0.183
GYRO: 302040,1,0.774,1.911,0.076
GYRO: 302536,1,0.758,0.736,0.107
GYRO: 303038,1,0.239,-0.196,-0.122
GYRO: 303541,1,0.636,2.186,-0.122
GYRO: 304042,1,0.575,1.438,0.168
GYRO: 304543,1,0.529,-2.379,0.183
GYRO: 305050,1,0.682,1.041,-0.199
GYRO: 305546,1,0.056,-1.096,-0.305
GYRO: 306048,1,0.377,1.117,0.046
GYRO: 306549,1,0.560,0.232,-0.061
GYRO: 307050,1,0.346,0.384,-0.412
GYRO: 307552,1,0.514,-0.287,0.015
GYRO: 308054,1,0.377,-0.226,0.061
GYRO: 308556,1,0.255,-0.394,-0.107
GYRO: 309057,1,0.514,-0.028,0.046
GYRO: 309560,1,0.239,0.155,0.046
GYRO: 310062,1,0.499,0.125,0.076
GYRO: 310568,1,0.438,-0.180,-0.061
GYRO: 311065,1,0.560,0.400,-0.015
GYRO: 311566,1,0.621,0.446,-0.076
GYRO: 312068,1,0.377,-1.157,0.412
GYRO: 312570,1,0.881,0.247,-0.229
GYRO: 313077,1,0.636,-0.119,0.046
GYRO: 313573,1,0.346,0.384,-0.046
GYRO: 314074,1,0.316,-0.684,-0.000
GYRO: 314577,1,0.621,-0.012,-0.107
GYRO: 315079,1,0.377,-0.135,-0.244
GYRO: 315581,1,0.682,0.186,0.046
GYRO: 316088,1,0.392,-0.104,0.275
GYRO: 316585,1,0.590,-0.257,-0.351
GYRO: 317086,1,0.728,-0.074,0.198
GYRO: 317587,1,0.453,-0.165,-0.321
GYRO: 318089,1,0.606,-0.043,-0.015
GYRO: 318590,1,0.316,-0.104,-0.168
GYRO: 319214,1,0.300,0.003,-0.275
GYRO: 319629,1,0.636,-0.028,-0.031
GYRO: 320095,1,0.316,0.018,0.092
GYRO: 320599,1,0.453,-0.287,-0.046
GYRO: 321097,1,0.285,0.003,0.061
GYRO: 321603,1,0.484,-0.486,0.061
GYRO: 322099,1,0.300,-0.257,-0.199
GYRO: 322601,1,0.423,-0.119,0.076
GYRO: 323102,1,0.499,0.003,-0.565
GYRO: 323604,1,0.636,-0.425,-0.122
GYRO: 324105,1,0.377,-0.089,0.092
GYRO: 324612,1,0.331,-0.135,-0.199
GYRO: 325110,1,0.270,-0.211,0.229
GYRO: 325611,1,0.392,-0.394,-0.061
GYRO: 326113,1,0.575,-0.150,0.046
GYRO: 326614,1,0.331,-0.058,0.137
GYRO: 327122,1,0.178,-0.196,-0.137
GYRO: 327619,1,0.499,-0.470,0.321
GYRO: 328121,1,0.606,-0.043,-0.168
GYRO: 328622,1,0.361,-0.241,0.061
GYRO: 329123,1,0.758,0.125,-0.046
GYRO: 329624,1,0.148,-0.287,-0.122
GYRO: 330129,1,0.132,-0.165,0.168
GYRO: 330626,1,0.499,-0.043,-0.092
GYRO: 331128,1,0.423,-0.196,0.092
GYRO: 331629,1,0.423,-0.074,0.290
GYRO: 332130,1,0.300,-0.501,-0.107
GYRO: 332631,1,0.407,-0.287,-0.199
GYRO: 333132,1,0.499,-0.470,0.030
GYRO: 333633,1,0.132,0.217,-0.046
GYRO: 334134,1,0.239,-0.012,0.290
GYRO: 334635,1,0.270,-0.074,0.107
GYRO: 335136,1,0.285,0.476,-0.046
GYRO: 335643,1,0.514,-0.333,-0.305
GYRO: 336141,1,0.407,-0.394,0.030
GYRO: 336642,1,0.407,0.201,0.427
GYRO: 337145,1,0.300,-0.593,0.198
GYRO: 337646,1,0.377,-0.196,-0.031
GYRO: 338148,1,0.468,-0.135,-0.260
GYRO: 338650,1,0.377,-0.165,0.030
GYRO: 339151,1,0.560,-0.074,0.015
GYRO: 339654,1,0.697,-0.165,-0.275
GYRO: 340154,1,0.545,0.110,0.046
GYRO: 340656,1,0.560,-0.409,-0.107
GYRO: 341162,1,0.545,0.003,-0.107
GYRO: 341661,1,0.407,-0.394,0.305
GYRO: 342162,1,0.331,-0.012,0.061
GYRO: 342663,1,0.560,0.049,-0.137
GYRO: 343164,1,0.667,-0.318,0.214
GYRO: 343667,1,0.484,-0.043,0.198
GYRO: 344167,1,0.514,-0.150,0.137
GYRO: 344670,1,0.713,-0.135,0.168
GYRO: 345171,1,0.194,0.079,-0.229
GYRO: 345672,1,0.484,-0.119,-0.122
GYRO: 346172,1,0.636,-0.028,-0.031
GYRO: 346680,1,0.514,-0.272,-0.199
GYRO: 347177,1,0.331,-0.379,-0.183
GYRO: 347680,1,0.438,-0.409,0.061
GYRO: 348181,1,0.575,0.201,0.030
GYRO: 348682,1,0.453,-0.623,0.275
GYRO: 349183,1,0.697,0.278,-0.290
GYRO: 349683,1,0.270,-0.684,0.046
GYRO: 350187,1,0.468,-0.196,-0.076
GYRO: 350688,1,0.423,-0.135,-0.168
GYRO: 351189,1,0.499,-0.379,-0.031
GYRO: 351691,1,0.713,-0.257,0.015
GYRO: 352197,1,0.728,-0.318,-0.046
GYRO: 352693,1,0.499,0.171,0.183
GYRO: 353194,1,0.392,-0.516,-0.137
GYRO: 353697,1,0.819,0.033,-0.275
GYRO: 354199,1,0.575,-0.150,0.244
GYRO: 354700,1,0.423,-0.287,0.153
GYRO: 355206,1,0.743,0.262,-0.229
GYRO: 355704,1,0.453,0.018,0.076
GYRO: 356205,1,0.835,-0.119,-0.046
GYRO: 356708,1,0.484,-0.272,-0.351
GYRO: 357210,1,0.560,-0.089,0.275
GYRO: 357711,1,0.178,-0.516,-0.229
GYRO: 358212,1,0.377,-0.257,0.015
GYRO: 358714,1,0.148,0.125,-0.015
GYRO: 359221,1,0.621,0.049,0.030
GYRO: 359717,1,0.499,-0.150,-0.031
GYRO: 360218,1,0.590,-0.501,0.076
GYRO: 360724,1,0.377,-0.272,0.122
GYRO: 361221,1,0.560,-0.303,-0.076
GYRO: 361724,1,0.178,0.094,0.214
GYRO: 362224,1,0.682,0.003,-0.046
GYRO: 362727,1,0.621,-0.272,0.214
GYRO: 363227,1,0.560,-0.486,-0.183
GYRO: 363850,1,0.987,-0.241,-0.122
GYRO: 364234,1,0.423,-0.486,-0.137
GYRO: 364731,1,0.926,-0.257,0.229
GYRO: 365233,1,0.377,-0.241,0.061
GYRO: 365736,1,0.621,0.033,0.015
GYRO: 366242,1,0.819,0.232,-0.214
GYRO: 366739,1,0.590,-0.089,-0.229
GYRO: 367241,1,0.743,-0.180,-0.214
GYRO: 367742,1,0.468,-0.211,-0.031
GYRO: 368243,1,0.606,0.232,-0.214
GYRO: 368746,1,0.575,-0.211,-0.153
GYRO: 369246,1,0.438,-0.364,-0.000
GYRO: 369749,1,0.774,-0.486,-0.031
GYRO: 370250,1,0.407,-0.516,-0.260
GYRO: 370753,1,0.407,0.079,-0.092
GYRO: 371256,1,0.697,-0.104,0.046
GYRO: 371763,1,0.636,-0.394,0.076
GYRO: 372260,1,0.346,-0.165,-0.107
GYRO: 372760,1,0.682,-0.226,0.183
GYRO: 373262,1,0.453,0.186,-0.031
GYRO: 373764,1,0.209,-0.593,0.198
GYRO: 374265,1,0.484,-0.654,-0.260
GYRO: 374766,1,0.606,0.033,-0.275
GYRO: 375270,1,0.407,-0.272,-0.122
GYRO: 375772,1,0.697,0.201,-0.076
GYRO: 376275,1,0.636,-0.501,-0.199
GYRO: 376775,1,0.865,-0.211,0.122
GYRO: 377295,1,0.529,-0.074,-0.153
GYRO: 377780,1,0.728,-0.150,-0.122
GYRO: 378281,1,1.079,0.171,0.046
GYRO: 378783,1,0.392,0.033,-0.244
GYRO: 379285,1,0.804,0.018,-0.214
GYRO: 379787,1,0.590,-0.211,-0.229
GYRO: 380289,1,0.484,0.186,-0.183
GYRO: 380791,1,0.316,-0.272,-0.397
GYRO: 381293,1,0.560,-0.150,-0.305
GYRO: 381794,1,0.407,-0.257,-0.000
GYRO: 382296,1,0.590,-0.012,-0.351
GYRO: 382802,1,0.575,-0.364,-0.092
GYRO: 383299,1,0.560,-0.409,-0.015
GYRO: 383800,1,0.804,0.018,-0.168
GYRO: 384302,1,0.453,-0.348,0.153
GYRO: 384803,1,0.575,-0.364,-0.275
GYRO: 385305,1,0.285,-0.333,-0.015
GYRO: 385812,1,0.835,-0.394,0.076
GYRO: 386307,1,0.560,-0.364,0.137
GYRO: 386808,1,0.545,-0.196,0.122
GYRO: 387310,1,0.575,-0.012,0.061
GYRO: 387811,1,0.484,-0.241,-0.137
GYRO: 388318,1,0.285,-0.257,0.397
GYRO: 388814,1,0.667,-0.257,-0.183
GYRO: 389316,1,0.255,-0.287,-0.015
GYRO: 389821,1,0.713,-0.104,-0.046
GYRO: 390319,1,0.621,-0.257,-0.519
GYRO: 390820,1,0.621,0.201,-0.076
GYRO: 391328,1,0.194,-0.303,0.076
GYRO: 391823,1,0.529,0.140,-0.031
GYRO: 392326,1,0.468,-0.150,-0.046
GYRO: 392827,1,0.728,-0.180,0.015
GYRO: 393330,1,0.575,-0.119,-0.244
GYRO: 393831,1,0.804,0.003,-0.076
GYRO: 394333,1,0.499,-0.287,0.046
GYRO: 394835,1,0.499,0.110,-0.122
GYRO: 395337,1,0.575,-0.425,-0.000
GYRO: 395839,1,0.453,-0.089,-0.199
GYRO: 396341,1,0.743,-0.058,0.092
GYRO: 396863,1,0.529,-0.333,0.030
GYRO: 397344,1,0.331,-0.119,0.183
GYRO: 397846,1,0.499,-0.303,0.092
GYRO: 398348,1,0.682,-0.562,-0.061
GYRO: 398850,1,0.102,-0.333,0.015
GYRO: 399352,1,0.835,-0.089,-0.153
GYRO: 399854,1,0.377,0.354,-0.092
GYRO: 400356,1,0.865,1.453,-0.214
GYRO: 400857,1,0.392,-0.440,0.137
GYRO: 401359,1,0.957,0.980,-0.321
GYRO: 401861,1,0.423,1.209,0.382
GYRO: 402369,1,0.987,-0.593,0.076
GYRO: 402866,1,0.377,0.201,0.061
GYRO: 403368,1,0.606,0.522,0.412
GYRO: 403869,1,0.682,-1.371,0.137
GYRO: 404372,1,-0.005,0.140,-0.366
GYRO: 404873,1,0.804,-1.707,0.107
GYRO: 405375,1,0.407,0.644,0.565
GYRO: 405876,1,0.148,-3.539,-0.031
GYRO: 406377,1,0.590,-1.081,0.473
GYRO: 406879,1,1.048,1.865,-0.092
GYRO: 407379,1,0.087,2.110,-0.168
GYRO: 408009,1,0.789,-2.165,0.030
GYRO: 408619,1,0.453,-0.074,0.259
GYRO: 408884,1,0.972,-0.272,-0.199
GYRO: 409387,1,0.575,-0.913,0.137
GYRO: 409889,1,-0.081,2.079,-0.397
GYRO: 410393,1,0.636,-0.043,-0.031
GYRO: 410894,1,0.560,-0.135,-0.031
GYRO: 411395,1,0.255,-0.516,0.214
GYRO: 411897,1,1.293,-0.898,-0.122
GYRO: 412400,1,0.163,3.743,0.458
GYRO: 412903,1,0.987,-2.196,-0.076
GYRO: 413410,1,0.560,-1.631,0.076
GYRO: 413907,1,0.606,0.736,0.229
GYRO: 414410,1,1.140,-1.692,0.107
GYRO: 414912,1,0.255,0.094,-0.122
GYRO: 415414,1,0.804,-1.035,0.321
GYRO: 415915,1,0.423,1.010,0.229
GYRO: 416423,1,0.728,-0.974,-0.290
GYRO: 416919,1,1.018,1.331,0.779
GYRO: 417421,1,0.163,-1.387,0.137
GYRO: 417924,1,0.865,-0.455,0.015
GYRO: 418426,1,-0.081,1.270,-0.214
GYRO: 418929,1,0.560,-0.318,-0.290
GYRO: 419431,1,0.377,1.423,-0.428
GYRO: 419933,1,0.484,0.217,-0.137
GYRO: 420441,1,0.667,-0.135,0.137
GYRO: 420937,1,0.514,0.033,-0.061
GYRO: 421440,1,0.545,-0.089,0.030
GYRO: 421947,1,0.316,-0.058,0.092
GYRO: 422444,1,0.468,-0.608,-0.153
GYRO: 422946,1,0.529,0.736,0.046
GYRO: 423449,1,0.697,-0.776,-0.260
GYRO: 423949,1,0.621,0.949,0.550
GYRO: 424452,1,0.545,-0.364,0.168
GYRO: 424953,1,0.087,-0.089,-0.061
GYRO: 425454,1,0.789,0.415,-0.076
GYRO: 425957,1,0.300,-0.990,0.305
GYRO: 426458,1,0.438,1.468,-0.061
GYRO: 426959,1,0.529,-0.440,-0.199
GYRO: 427466,1,0.545,-0.119,-0.107
GYRO: 427963,1,0.575,-0.303,-0.046
GYRO: 428465,1,0.835,-1.234,-0.397
GYRO: 428968,1,0.758,1.010,0.137
GYRO: 429470,1,0.239,-1.096,0.672
GYRO: 429972,1,0.545,-0.684,0.061
GYRO: 430473,1,0.499,0.293,-0.046
GYRO: 430975,1,0.911,-0.593,-0.214
GYRO: 431477,1,0.346,0.094,-0.092
GYRO: 431980,1,0.590,0.079,-0.076
GYRO: 432482,1,1.232,-2.791,0.153
GYRO: 432987,1,0.102,0.568,-0.046
GYRO: 433484,1,0.560,-0.470,0.198
GYRO: 433987,1,0.361,-0.593,-0.443
GYRO: 434489,1,0.423,0.400,0.198
GYRO: 434991,1,0.377,-0.501,-0.260
GYRO: 435493,1,0.300,0.446,0.107
GYRO: 435997,1,0.209,-1.203,0.214
GYRO: 436497,1,0.529,-0.150,0.488
GYRO: 436999,1,0.881,-1.280,-0.046
GYRO: 437502,1,0.774,-0.012,-0.076
GYRO: 438004,1,0.621,-0.058,0.122
GYRO: 438512,1,0.575,0.033,-0.000
GYRO: 439007,1,0.636,0.308,-0.321
GYRO: 439510,1,0.423,0.155,-0.137
GYRO: 440011,1,0.987,0.552,-0.366
GYRO: 440512,1,0.652,0.980,0.275
GYRO: 441013,1,0.163,-1.692,-0.000
GYRO: 441535,1,0.590,-0.180,0.153
GYRO: 442016,1,0.285,-0.974,0.153
GYRO: 442517,1,0.926,0.476,0.351
GYRO: 443021,1,0.636,0.583,-0.015
GYRO: 443522,1,0.774,-0.608,-0.015
GYRO: 444026,1,0.423,-0.211,0.168
GYRO: 444526,1,0.590,-0.379,0.030
GYRO: 445030,1,1.033,0.171,-0.061
GYRO: 445533,1,0.606,0.232,-0.244
GYRO: 446034,1,0.758,-0.745,0.061
GYRO: 446535,1,0.865,0.858,-0.015
GYRO: 447040,1,0.209,-0.012,-0.031
GYRO: 447537,1,0.163,-0.150,0.107
GYRO: 448039,1,0.911,0.522,-0.046
GYRO: 448540,1,0.667,-0.394,0.168
GYRO: 449041,1,0.423,-0.913,0.122
GYRO: 449542,1,0.407,0.110,-0.214
GYRO: 450045,1,0.560,-1.066,-0.031
GYRO: 450546,1,0.514,0.049,-0.061
GYRO: 451050,1,0.377,-0.699,-0.275
GYRO: 451554,1,0.545,0.430,0.076
GYRO: 452053,1,0.392,-0.532,-0.168
GYRO: 452559,1,0.392,-0.287,0.015
GYRO: 453212,1,0.667,0.033,0.168
GYRO: 453559,1,0.499,-0.654,-0.000
GYRO: 454062,1,0.560,-0.303,-0.183
GYRO: 454563,1,0.682,0.155,-0.305
GYRO: 455065,1,0.652,-0.516,-0.092
GYRO: 455566,1,0.529,0.308,-0.015
GYRO: 456067,1,0.606,-0.364,0.061
GYRO: 456568,1,0.529,0.293,-0.046
GYRO: 457070,1,0.407,-0.165,-0.015
GYRO: 457571,1,0.102,-0.394,0.046
GYRO: 458078,1,0.682,0.018,-0.061
GYRO: 458575,1,0.423,-0.348,0.107
GYRO: 459077,1,0.926,-0.028,-0.153
GYRO: 459578,1,0.178,-0.058,-0.137
GYRO: 460079,1,0.590,-0.501,-0.107
GYRO: 460580,1,0.484,0.140,-0.000
GYRO: 461082,1,0.209,-0.241,0.061
GYRO: 461584,1,0.926,-0.455,-0.076
GYRO: 462085,1,0.407,-0.745,0.275
GYRO: 462586,1,0.407,0.140,0.290
GYRO: 463089,1,0.407,-0.028,-0.153
GYRO: 463595,1,0.789,0.125,0.137
GYRO: 464093,1,0.438,0.323,0.702
GYRO: 464594,1,0.423,-0.623,-0.031
GYRO: 465097,1,0.865,0.720,0.122
GYRO: 465598,1,0.590,-0.455,-0.168
GYRO: 466101,1,1.079,-1.005,-0.153
GYRO: 466626,1,0.041,0.308,-0.000
GYRO: 467103,1,0.758,-0.883,-0.137
GYRO: 467605,1,0.529,1.209,-0.199
GYRO: 468106,1,0.896,-0.104,-0.015
GYRO: 468608,1,0.209,-0.165,-0.336
GYRO: 469109,1,0.407,2.018,0.214
GYRO: 469611,1,0.942,-1.035,0.259
GYRO: 470113,1,0.606,1.789,0.214
GYRO: 470615,1,0.758,-0.776,0.030
GYRO: 471117,1,0.453,0.919,-0.076
GYRO: 471618,1,0.407,-0.608,0.092
GYRO: 472125,1,0.300,0.049,0.046
GYRO: 472623,1,0.606,0.354,-0.275
GYRO: 473126,1,0.881,0.293,0.198
GYRO: 473627,1,0.560,-1.219,0.336
GYRO: 474129,1,0.071,1.789,-0.076
GYRO: 474631,1,1.018,-0.577,-0.397
GYRO: 475132,1,-0.035,-0.852,-0.397
GYRO: 475634,1,0.377,-1.325,-0.412
GYRO: 476136,1,0.499,1.881,0.122
GYRO: 476638,1,0.987,-1.020,-0.214
GYRO: 477140,1,0.178,-0.928,-0.092
GYRO: 477646,1,0.789,-0.135,-0.428
GYRO: 478142,1,0.560,-1.845,-0.137
GYRO: 478643,1,0.560,-0.012,-0.092
GYRO: 479146,1,0.316,1.285,-0.076
GYRO: 479648,1,0.606,-2.455,-0.046
GYRO: 480150,1,0.667,0.552,-0.321
GYRO: 480652,1,0.682,-3.631,-0.168
GYRO: 481155,1,0.713,-1.127,0.427
GYRO: 481656,1,0.117,0.094,0.137
GYRO: 482157,1,0.743,0.155,-0.366
GYRO: 482658,1,0.346,-2.257,-0.366
GYRO: 483165,1,0.117,0.629,-0.046
GYRO: 483661,1,0.865,-0.654,0.030
GYRO: 484163,1,1.186,-1.188,0.061
GYRO: 484665,1,0.926,0.018,-0.061
GYRO: 485167,1,0.697,-0.211,-0.107
GYRO: 485668,1,0.484,-0.577,0.137
GYRO: 486170,1,1.155,-1.524,0.458
GYRO: 486671,1,0.850,0.904,0.076
GYRO: 487173,1,0.377,3.239,0.412
GYRO: 487674,1,0.850,-1.814,-0.015
GYRO: 488176,1,0.728,-1.692,0.366
GYRO: 488682,1,0.499,1.392,-0.031
GYRO: 489179,1,0.819,1.087,-0.076
GYRO: 489680,1,0.407,-0.959,0.259
GYRO: 490182,1,0.514,1.102,0.366
GYRO: 490683,1,0.804,-1.646,0.366
GYRO: 491184,1,0.468,-2.058,-0.244
GYRO: 491691,1,0.316,0.965,0.198
GYRO: 492186,1,0.850,-0.852,-0.718
GYRO: 492687,1,0.621,-0.257,-0.076
GYRO: 493188,1,0.819,0.079,-0.153
GYRO: 493689,1,0.499,-2.043,-0.122
GYRO: 494191,1,0.697,-1.554,-0.107
GYRO: 494692,1,0.331,0.430,0.122
GYRO: 495194,1,0.972,-1.081,0.229
GYRO: 495695,1,0.911,-2.699,-0.046
GYRO: 496197,1,1.155,-0.058,0.198
GYRO: 496699,1,1.140,-0.654,0.275
GYRO: 497327,1,0.499,1.362,0.092
GYRO: 497942,1,0.652,1.117,0.153
GYRO: 498204,1,0.926,0.033,-0.244
GYRO: 498704,1,1.522,1.957,0.458
GYRO: 499206,1,0.697,-2.028,-0.229
GYRO: 499709,1,0.881,0.003,-0.458
GYRO: 500210,1,0.758,-1.814,-0.412
GYRO: 500712,1,0.438,-2.593,0.595
GYRO: 501213,1,0.896,1.117,0.244
GYRO: 501715,1,0.621,-0.608,-0.092
GYRO: 502216,1,0.361,-1.982,0.336
GYRO: 502723,1,0.285,-0.654,0.504
GYRO: 503221,1,0.499,-1.173,-0.168
GYRO: 503723,1,0.713,0.171,0.046
GYRO: 504224,1,0.316,-1.432,-0.199
GYRO: 504727,1,0.728,-0.303,-0.000
GYRO: 505228,1,0.774,0.354,0.030
GYRO: 505730,1,0.652,-1.478,0.366
GYRO: 506231,1,0.529,0.629,-0.183
GYRO: 506734,1,0.560,0.293,0.550
GYRO: 507235,1,0.774,-3.188,0.137
GYRO: 507738,1,0.239,-1.005,0.229
GYRO: 508244,1,0.835,-3.631,0.076
GYRO: 508741,1,0.209,0.843,-0.336
GYRO: 509242,1,0.224,-1.982,-0.244
GYRO: 509744,1,0.545,0.522,-0.031
GYRO: 510245,1,0.499,-0.379,-0.015
GYRO: 510745,1,0.285,2.659,0.015
GYRO: 511248,1,0.713,-1.845,-0.397
GYRO: 511749,1,0.743,1.010,-0.122
GYRO: 512252,1,0.743,-0.715,-0.137
GYRO: 512756,1,0.881,2.064,0.244
GYRO: 513255,1,0.499,0.247,-0.092
GYRO: 513763,1,1.110,-1.173,-0.321
GYRO: 514259,1,1.048,-0.837,0.168
GYRO: 514760,1,0.652,0.522,-0.183
GYRO: 515262,1,0.407,-1.616,-0.046
GYRO: 515764,1,0.499,-1.249,0.290
GYRO: 516266,1,1.384,1.926,-0.199
GYRO: 516773,1,0.407,0.079,-0.366
GYRO: 517272,1,0.224,-1.234,-0.092
GYRO: 517774,1,0.911,0.323,0.076
GYRO: 518276,1,0.407,-0.104,0.107
GYRO: 518777,1,1.110,-0.669,0.015
GYRO: 519278,1,0.590,-0.379,0.122
GYRO: 519779,1,0.499,-1.219,-0.000
GYRO: 520279,1,0.896,0.232,-0.321
GYRO: 520782,1,0.575,-1.539,-0.000
GYRO: 521283,1,1.216,1.392,0.168
GYRO: 521783,1,0.896,-2.745,-0.290
GYRO: 522289,1,0.300,-0.150,-0.107
GYRO: 522786,1,0.560,-0.654,0.092
GYRO: 523287,1,0.987,1.117,-0.015
GYRO: 523789,1,0.453,2.049,0.595
GYRO: 524290,1,0.529,-1.692,-0.199
GYRO: 524792,1,0.972,-1.860,-0.031
GYRO: 525293,1,1.094,2.781,-0.229
GYRO: 525794,1,1.293,0.201,0.168
GYRO: 526295,1,0.300,0.995,-0.076
GYRO: 526797,1,0.972,-0.440,-0.031
GYRO: 527299,1,0.697,-1.890,0.183
GYRO: 527806,1,0.713,1.774,-0.397
GYRO: 528307,1,1.216,-1.982,0.290
GYRO: 528806,1,0.438,0.934,0.061
GYRO: 529308,1,0.346,0.308,-0.168
GYRO: 529811,1,0.590,-0.684,-0.168
GYRO: 530313,1,0.667,-0.012,-0.260
GYRO: 530828,1,0.041,-0.409,0.015
GYRO: 531317,1,0.667,-0.394,0.061
GYRO: 531819,1,0.209,-0.470,-0.473
GYRO: 532320,1,0.514,0.415,-0.183
GYRO: 532822,1,0.881,-0.409,0.473
GYRO: 533327,1,0.255,-0.257,0.168
GYRO: 533825,1,0.377,-1.692,-0.611
GYRO: 534326,1,0.606,-1.417,0.259
GYRO: 534828,1,-0.020,-1.722,0.198
GYRO: 535329,1,0.102,0.140,-0.092
GYRO: 535831,1,0.117,0.308,-0.000
GYRO: 536332,1,0.575,-0.303,-0.199
GYRO: 536834,1,0.804,-0.761,-0.015
GYRO: 537336,1,0.239,-0.272,0.015
GYRO: 537838,1,0.758,-0.684,0.229
GYRO: 538341,1,0.331,-0.058,0.046
GYRO: 538847,1,0.606,0.064,0.321
GYRO: 539343,1,0.652,0.720,0.137
GYRO: 539844,1,0.178,-0.287,0.168
GYRO: 540347,1,1.018,0.003,0.259
GYRO: 540848,1,0.652,-0.226,0.107
GYRO: 541350,1,0.438,0.583,-0.366
GYRO: 541978,1,0.636,-0.211,0.030
GYRO: 542353,1,0.758,-0.974,0.107
GYRO: 542854,1,0.728,1.239,-0.061
GYRO: 543358,1,0.453,-1.219,-0.122
GYRO: 543858,1,0.575,-0.394,0.107
GYRO: 544359,1,0.789,1.224,0.244
GYRO: 544860,1,0.911,-0.990,-0.000
GYRO: 545361,1,0.835,0.995,0.351
GYRO: 545862,1,0.789,-1.051,0.061
GYRO: 546363,1,0.758,-0.287,0.382
GYRO: 546864,1,0.453,0.720,-0.015
GYRO: 547370,1,1.125,-0.913,-0.137
GYRO: 547867,1,0.453,-0.257,-0.076
GYRO: 548368,1,0.453,1.163,-0.321
GYRO: 548869,1,0.743,-0.318,-0.015
GYRO: 549370,1,0.758,-0.654,-0.122
GYRO: 549871,1,0.423,0.339,-0.000
GYRO: 550373,1,0.926,0.690,0.153
GYRO: 550874,1,0.667,-0.425,-0.076
GYRO: 551377,1,0.316,-0.165,0.015
GYRO: 551879,1,0.667,-0.547,-0.244
GYRO: 552381,1,0.316,-0.089,0.107
GYRO: 552887,1,0.438,-0.516,0.183
GYRO: 553384,1,0.758,-0.074,0.183
GYRO: 553885,1,0.713,-0.394,-0.092
GYRO: 554387,1,0.560,-0.074,0.076
GYRO: 554889,1,0.499,-0.012,0.061
GYRO: 555390,1,0.865,-0.119,-0.214
GYRO: 555890,1,0.575,-0.440,-0.061
GYRO: 556393,1,0.728,-0.135,-0.244
GYRO: 556895,1,0.774,0.018,-0.214
GYRO: 557397,1,0.575,-0.409,0.030
GYRO: 557898,1,0.636,-0.394,-0.061
GYRO: 558406,1,0.743,-0.287,-0.137
GYRO: 558902,1,0.560,-0.196,-0.000
GYRO: 559403,1,0.407,0.140,-0.076
GYRO: 559904,1,0.453,-0.806,-0.122
GYRO: 560405,1,0.636,0.461,0.092
GYRO: 560906,1,1.094,-0.715,-0.321
GYRO: 561409,1,0.468,0.369,0.092
GYRO: 561910,1,0.957,-1.142,0.092
GYRO: 562411,1,0.529,0.125,0.107
GYRO: 562912,1,0.468,0.537,-0.153
GYRO: 563414,1,1.064,-0.074,-0.000
GYRO: 563921,1,0.453,-0.257,-0.153
GYRO: 564417,1,0.468,-0.715,0.092
GYRO: 564919,1,0.300,-0.959,-0.244
GYRO: 565420,1,0.423,0.110,0.076
GYRO: 565921,1,0.606,-0.867,0.046
GYRO: 566422,1,0.514,0.049,0.122
GYRO: 566929,1,0.728,-0.562,0.137
GYRO: 567425,1,0.453,-0.180,0.122
GYRO: 567927,1,0.682,-0.440,-0.336
GYRO: 568428,1,0.606,-0.012,-0.000
GYRO: 568929,1,0.636,-0.272,0.214
GYRO: 569435,1,0.560,-0.303,-0.046
GYRO: 569931,1,0.621,-0.348,0.275
GYRO: 570432,1,0.682,-0.150,0.305
GYRO: 570933,1,0.178,-0.272,0.122
GYRO: 571435,1,0.819,-0.593,-0.214
GYRO: 571936,1,0.652,0.155,-0.305
GYRO: 572441,1,0.697,-0.440,0.046
GYRO: 572939,1,0.606,0.018,0.366
GYRO: 573440,1,0.850,-0.180,0.183
GYRO: 573945,1,0.697,0.018,-0.214
GYRO: 574444,1,0.560,-0.074,0.229
GYRO: 574945,1,0.529,0.125,0.183
GYRO: 575447,1,0.682,0.171,0.061
GYRO: 575948,1,0.453,-0.287,-0.076
GYRO: 576449,1,0.346,0.003,-0.092
GYRO: 576950,1,0.514,-0.715,-0.137
GYRO: 577452,1,0.529,-0.089,0.290
GYRO: 577957,1,0.453,-0.409,0.107
GYRO: 578455,1,0.560,-0.303,-0.107
GYRO: 578957,1,0.667,0.064,-0.122
GYRO: 579458,1,0.911,0.018,0.076
GYRO: 579959,1,0.819,-0.379,-0.443
GYRO: 580460,1,0.774,0.033,0.244
GYRO: 580962,1,1.033,-0.516,0.244
GYRO: 581463,1,0.514,0.079,-0.031
GYRO: 581965,1,0.758,-0.226,-0.092
GYRO: 582466,1,0.819,0.018,0.183
GYRO: 582968,1,0.972,-0.486,0.046
GYRO: 583473,1,0.728,-0.104,0.107
GYRO: 583970,1,0.590,-0.287,0.153
GYRO: 584473,1,0.835,-0.074,-0.046
GYRO: 584975,1,0.545,-0.379,-0.000
GYRO: 585478,1,0.545,0.110,0.076
GYRO: 585981,1,0.606,-0.348,0.153
GYRO: 586603,1,0.713,-0.150,-0.244
GYRO: 587022,1,0.590,-0.058,0.488
GYRO: 587485,1,0.743,-0.287,-0.168
GYRO: 587986,1,0.896,-0.074,-0.275
GYRO: 588487,1,0.590,-0.303,-0.000
GYRO: 588994,1,0.743,-0.074,-0.000
GYRO: 589492,1,0.453,-0.516,0.061
GYRO: 589991,1,0.758,-0.364,0.229
GYRO: 590494,1,0.545,-0.150,-0.199
GYRO: 590994,1,0.911,-0.379,-0.061
GYRO: 591495,1,0.697,-0.470,-0.122
GYRO: 592003,1,0.407,-0.852,-0.015
GYRO: 592498,1,0.514,0.232,0.030
GYRO: 592999,1,0.881,-0.318,-0.183
GYRO: 593501,1,0.484,-0.196,-0.031
GYRO: 594002,1,0.652,-0.135,0.153
GYRO: 594509,1,0.423,0.049,-0.321
GYRO: 595006,1,0.361,-0.593,0.122
GYRO: 595507,1,0.590,-0.180,-0.122
GYRO: 596008,1,0.652,0.064,0.076
GYRO: 596509,1,0.468,-0.348,0.229
GYRO: 597011,1,0.606,-0.241,-0.092
GYRO: 597517,1,0.423,-0.012,0.076
GYRO: 598014,1,0.896,-0.562,-0.397
GYRO: 598515,1,0.850,-0.333,-0.122
GYRO: 599019,1,0.560,-0.226,-0.015
GYRO: 599520,1,0.499,-0.150,0.244
GYRO: 600021,1,0.835,-0.425,-0.092
GYRO: 600522,1,0.896,-0.623,0.046
GYRO: 601023,1,0.377,-0.089,-0.366
GYRO: 601526,1,0.239,-0.119,0.153
GYRO: 602030,1,0.697,-0.409,-0.290
GYRO: 602531,1,0.819,-0.180,0.092
GYRO: 603038,1,0.881,-0.165,0.046
GYRO: 603535,1,0.652,-0.318,0.061
GYRO: 604036,1,0.789,-0.257,0.153
GYRO: 604536,1,0.529,0.003,0.030
GYRO: 605039,1,0.285,-0.364,0.122
GYRO: 605540,1,0.682,0.079,-0.107
GYRO: 606042,1,0.758,-0.425,-0.275
GYRO: 606543,1,0.652,-0.364,-0.260
GYRO: 607044,1,0.713,-0.364,0.259
GYRO: 607545,1,0.590,-0.303,-0.122
GYRO: 608046,1,0.453,-0.364,0.229
GYRO: 608553,1,0.606,-0.303,-0.229
GYRO: 609050,1,0.575,-0.394,0.229
GYRO: 609553,1,0.804,-0.196,0.046
GYRO: 610054,1,1.003,-0.455,-0.153
GYRO: 610557,1,0.361,-0.241,-0.183
GYRO: 611058,1,0.361,-0.486,0.061
GYRO: 611558,1,0.728,-0.333,0.076
GYRO: 612060,1,0.652,-0.180,0.488
GYRO: 612564,1,0.804,-0.318,-0.183
GYRO: 613066,1,0.468,0.110,-0.092
GYRO: 613567,1,0.881,-0.303,0.122
GYRO: 614073,1,0.743,-0.241,-0.046
GYRO: 614568,1,0.484,-0.409,0.153
GYRO: 615072,1,0.743,-0.211,-0.015
GYRO: 615573,1,0.316,-0.211,0.030
GYRO: 616076,1,0.468,-0.379,-0.061
GYRO: 616578,1,0.514,-0.226,0.137
GYRO: 617080,1,0.529,-0.303,0.015
GYRO: 617582,1,0.575,-0.211,0.061
GYRO: 618085,1,0.606,0.064,-0.153
GYRO: 618586,1,0.545,-0.638,-0.412
GYRO: 619089,1,0.758,-0.043,-0.031
GYRO: 619675,1,0.453,-0.028,0.015
GYRO: 620098,1,0.743,-0.699,0.397
GYRO: 620594,1,0.697,-0.226,0.290
GYRO: 621098,1,0.514,-0.165,-0.107
GYRO: 621601,1,0.728,-0.196,0.076
GYRO: 622102,1,0.636,-0.409,-0.183
GYRO: 622604,1,0.590,0.171,0.275
GYRO: 623107,1,0.835,-0.043,-0.137
GYRO: 623609,1,0.667,-0.699,-0.137
GYRO: 624112,1,0.652,-0.119,-0.122
GYRO: 624614,1,0.407,0.079,-0.122
GYRO: 625121,1,0.636,-0.318,-0.153
GYRO: 625618,1,0.881,0.430,-0.214
GYRO: 626121,1,0.621,-0.699,-0.031
GYRO: 626623,1,0.865,-0.532,0.214
GYRO: 627126,1,0.926,-0.012,-0.244
GYRO: 627628,1,0.713,-0.089,-0.122
GYRO: 628136,1,0.484,-0.226,-0.183
GYRO: 628632,1,1.018,-0.348,-0.183
GYRO: 629135,1,0.560,-0.303,-0.092
GYRO: 629637,1,0.560,-0.104,0.015
GYRO: 630139,1,0.560,-0.516,0.046
GYRO: 630644,1,0.606,-0.303,0.046
GYRO: 631259,1,0.697,-0.455,0.061
GYRO: 631642,1,0.697,-0.287,0.015
GYRO: 632145,1,0.621,-0.303,-0.275
GYRO: 632646,1,0.819,-0.440,-0.061
GYRO: 633148,1,0.789,0.049,-0.107
GYRO: 633656,1,0.804,-0.165,-0.076
GYRO: 634152,1,0.743,-0.348,-0.107
GYRO: 634653,1,0.484,-0.165,0.198
GYRO: 635154,1,0.453,-0.364,-0.153
GYRO: 635660,1,0.728,-0.348,0.030
GYRO: 636156,1,0.911,-0.012,-0.244
GYRO: 636658,1,0.713,-0.196,0.092
GYRO: 637161,1,0.392,0.033,0.046
GYRO: 637664,1,0.697,0.018,-0.122
GYRO: 638167,1,0.652,-0.425,0.076
GYRO: 638669,1,0.682,-0.303,0.122
GYRO: 639177,1,0.758,-0.226,0.015
GYRO: 639672,1,0.514,-0.287,-0.122
GYRO: 640173,1,0.697,-0.440,0.137
GYRO: 640674,1,0.423,-0.241,-0.076
GYRO: 641175,1,0.575,-0.425,0.015
GYRO: 641677,1,0.697,-0.608,0.015
GYRO: 642177,1,0.865,-0.074,-0.397
GYRO: 642679,1,0.789,-0.761,0.366
GYRO: 643180,1,0.697,0.110,0.061
GYRO: 643681,1,0.606,0.049,-0.000
GYRO: 644182,1,0.560,-0.104,0.092
GYRO: 644701,1,0.804,-0.165,0.061
GYRO: 645185,1,0.911,-0.394,0.122
GYRO: 645687,1,0.758,-0.379,0.275
GYRO: 646188,1,0.468,-0.150,0.015
GYRO: 646690,1,0.835,-0.150,0.107
GYRO: 647191,1,0.789,-0.318,0.015
GYRO: 647693,1,0.652,0.140,0.092
GYRO: 648194,1,0.697,-0.104,0.259
GYRO: 648695,1,0.606,-0.241,-0.061
GYRO: 649197,1,0.575,-0.150,-0.183
GYRO: 649697,1,0.453,-0.074,-0.000
GYRO: 650205,1,0.743,-0.211,0.046
GYRO: 650705,1,0.529,-0.318,0.259
GYRO: 651202,1,0.300,-0.074,0.076
GYRO: 651703,1,0.575,-0.241,0.137
GYRO: 652205,1,0.590,-0.257,-0.000
GYRO: 652708,1,0.514,0.018,-0.015
GYRO: 653215,1,0.819,-0.852,-0.153
GYRO: 653712,1,0.697,-0.623,0.198
GYRO: 654213,1,0.468,-0.241,-0.260
GYRO: 654715,1,0.743,-0.119,-0.137
GYRO: 655216,1,0.453,0.033,-0.183
GYRO: 655724,1,0.423,-0.104,0.198
GYRO: 656220,1,0.743,-0.608,-0.275
GYRO: 656722,1,0.819,-0.425,0.015
GYRO: 657225,1,0.987,-0.012,0.275
GYRO: 657727,1,0.789,-0.470,0.030
GYRO: 658230,1,0.850,-0.730,0.061
GYRO: 658737,1,0.926,-0.486,-0.137
GYRO: 659233,1,0.804,-0.638,-0.153
GYRO: 659735,1,0.804,-0.211,0.153
GYRO: 660236,1,0.667,-0.257,-0.046
GYRO: 660738,1,0.484,-0.486,0.092
GYRO: 661241,1,0.499,-0.074,-0.000
GYRO: 661742,1,0.575,-0.119,0.275
GYRO: 662245,1,0.590,-0.211,-0.382
GYRO: 662747,1,0.804,-0.333,-0.076
GYRO: 663251,1,0.957,-0.516,-0.168
GYRO: 663752,1,0.697,-0.257,-0.031
GYRO: 664276,1,0.819,-0.394,0.290
GYRO: 664757,1,0.896,-0.303,0.061
GYRO: 665260,1,1.003,-0.119,0.244
GYRO: 665762,1,0.636,-0.028,-0.214
GYRO: 666265,1,0.560,-0.425,0.183
GYRO: 666765,1,0.392,-0.272,-0.214
GYRO: 667267,1,0.743,-0.303,0.153
GYRO: 667769,1,0.560,-0.272,-0.168
GYRO: 668270,1,0.850,-0.547,-0.092
GYRO: 668772,1,0.606,-0.440,0.076
GYRO: 669273,1,0.560,-0.211,0.168
GYRO: 669779,1,0.545,-0.150,0.534
GYRO: 670275,1,0.728,-0.241,-0.153
GYRO: 670777,1,0.453,-0.470,0.275
GYRO: 671278,1,0.774,0.232,0.397
GYRO: 671779,1,0.972,-0.608,-0.290
GYRO: 672282,1,0.621,-0.333,-0.214
GYRO: 672783,1,0.652,-0.486,-0.183
GYRO: 673284,1,0.881,-0.455,-0.168
GYRO: 673786,1,0.789,-0.272,-0.031
GYRO: 674288,1,0.850,-0.211,-0.397
GYRO: 674790,1,0.713,-0.440,0.137
GYRO: 675421,1,0.697,-0.318,0.137
GYRO: 676035,1,0.819,-0.196,0.336
GYRO: 676297,1,0.652,-0.119,-0.122
GYRO: 676798,1,0.499,-0.364,-0.107
GYRO: 677301,1,0.942,-0.012,-0.321
GYRO: 677802,1,0.560,-0.089,0.046
GYRO: 678303,1,0.499,-0.150,-0.260
GYRO: 678804,1,0.529,-0.150,0.168
GYRO: 679307,1,0.514,-0.211,-0.107
GYRO: 679808,1,0.743,0.094,-0.168
GYRO: 680309,1,0.590,-0.348,-0.015
GYRO: 680814,1,0.697,-0.180,0.061
GYRO: 681314,1,0.850,-0.119,0.229
GYRO: 681813,1,0.682,-0.012,0.229
GYRO: 682313,1,0.667,-0.333,0.153
GYRO: 682815,1,0.911,-0.196,-0.061
GYRO: 683316,1,0.850,-0.196,0.076
GYRO: 683818,1,0.514,-0.425,-0.183
GYRO: 684319,1,0.896,-0.394,-0.015
GYRO: 684820,1,0.346,-0.394,0.259
GYRO: 685321,1,0.926,-0.806,-0.168
GYRO: 685822,1,0.590,-0.409,-0.107
GYRO: 686327,1,0.621,-0.074,-0.046
GYRO: 686824,1,0.865,-0.257,-0.092
GYRO: 687324,1,0.850,-0.486,0.092
GYRO: 687827,1,0.682,-0.043,0.046
GYRO: 688328,1,0.957,-0.318,-0.061
GYRO: 688831,1,0.987,-0.150,-0.153
GYRO: 689333,1,0.499,-0.257,0.137
GYRO: 689835,1,0.682,-0.303,0.030
GYRO: 690339,1,0.514,-0.470,0.015
GYRO: 690839,1,0.697,0.094,0.122
GYRO: 691342,1,0.835,-0.409,-0.046
GYRO: 691848,1,0.728,-0.119,-0.260
GYRO: 692345,1,0.514,0.064,0.061
GYRO: 692846,1,0.804,-0.074,0.015
GYRO: 693346,1,0.285,-0.516,-0.168
GYRO: 693849,1,0.667,-0.547,0.183
GYRO: 694351,1,0.621,-0.150,0.076
GYRO: 694858,1,0.560,0.018,-0.107
GYRO: 695353,1,0.621,-0.394,0.030
GYRO: 695856,1,0.835,0.003,-0.107
GYRO: 696358,1,0.758,-0.058,0.137
GYRO: 696867,1,0.667,-0.348,0.244
GYRO: 697364,1,0.789,-0.348,-0.031
GYRO: 697867,1,0.438,-0.318,-0.092
GYRO: 698368,1,0.652,-0.058,0.122
GYRO: 698870,1,0.758,0.003,0.015
GYRO: 699371,1,1.003,-0.272,-0.244
GYRO: 699872,1,0.774,-0.196,-0.199
GYRO: 700380,1,0.789,-0.501,0.137
GYRO: 700877,1,0.514,-0.028,-0.046
GYRO: 701380,1,0.575,-0.241,0.336
GYRO: 701881,1,0.392,-0.394,0.046
GYRO: 702384,1,0.560,-0.119,-0.153
GYRO: 702885,1,0.468,-0.196,-0.107
GYRO: 703386,1,0.499,-0.333,0.305
GYRO: 703887,1,0.545,-0.241,0.229
GYRO: 704389,1,0.697,-0.043,-0.122
GYRO: 704891,1,0.636,-0.226,0.030
GYRO: 705394,1,0.896,-0.394,0.015
GYRO: 705901,1,0.804,-0.547,-0.092
GYRO: 706397,1,0.728,-0.180,-0.031
GYRO: 706898,1,0.881,-0.470,-0.107
GYRO: 707401,1,0.865,-0.318,-0.015
GYRO: 707902,1,0.850,0.140,0.137
GYRO: 708404,1,0.850,-0.440,0.122
GYRO: 708907,1,1.079,-0.577,-0.107
GYRO: 709409,1,0.789,-0.486,-0.366
GYRO: 709910,1,0.881,-0.409,-0.061
GYRO: 710412,1,0.865,-0.303,0.030
GYRO: 710913,1,0.774,-0.364,0.412
GYRO: 711421,1,0.850,-0.012,-0.031
GYRO: 711918,1,0.682,-0.150,-0.107
GYRO: 712419,1,0.789,-0.348,-0.244
GYRO: 712920,1,0.850,-0.226,0.030
GYRO: 713422,1,0.728,-0.150,0.153
GYRO: 713923,1,0.667,-0.257,-0.229
GYRO: 714424,1,0.682,-0.486,0.244
GYRO: 714927,1,0.514,0.003,0.229
GYRO: 715429,1,0.484,-0.364,0.137
GYRO: 715932,1,0.926,-0.135,0.092
GYRO: 716433,1,0.606,0.079,-0.137
GYRO: 716942,1,0.621,-0.379,-0.107
GYRO: 717438,1,0.606,-0.547,0.259
GYRO: 717939,1,0.636,-0.257,0.015
GYRO: 718441,1,0.819,-0.119,0.015
GYRO: 718942,1,0.789,-0.364,0.168
GYRO: 719444,1,0.789,-0.119,0.122
GYRO: 720123,1,0.606,-0.425,-0.321
GYRO: 720447,1,0.850,-0.180,-0.275
GYRO: 720948,1,0.835,-0.074,-0.000
GYRO: 721450,1,0.728,-0.287,-0.046
GYRO: 721951,1,0.774,0.125,0.153
GYRO: 722458,1,0.529,-0.287,-0.092
GYRO: 722953,1,0.560,-0.425,0.168
GYRO: 723455,1,0.896,-0.196,-0.076
GYRO: 723956,1,0.881,0.049,0.168
GYRO: 724457,1,0.575,-0.394,0.107
GYRO: 724959,1,0.545,-0.165,-0.244
GYRO: 725464,1,0.468,-0.211,0.443
GYRO: 725962,1,0.682,-0.226,0.107
GYRO: 726464,1,0.453,-0.241,0.214
GYRO: 726966,1,0.407,-0.654,0.137
GYRO: 727469,1,0.652,-0.394,-0.183
GYRO: 727974,1,0.545,-0.180,0.122
GYRO: 728470,1,0.682,0.232,-0.092
GYRO: 728972,1,0.545,-0.379,0.168
GYRO: 729473,1,0.484,-0.516,-0.000
GYRO: 729976,1,0.423,0.003,-0.092
GYRO: 730477,1,0.606,-0.547,-0.076
GYRO: 730983,1,0.453,-0.516,0.061
GYRO: 731480,1,0.636,-0.241,-0.015
GYRO: 731982,1,0.529,-0.547,0.137
GYRO: 732484,1,0.835,-0.043,-0.107
GYRO: 732988,1,0.819,-0.318,-0.000
GYRO: 733489,1,0.621,-0.287,0.076
GYRO: 733990,1,1.079,0.079,0.214
GYRO: 734492,1,0.865,-0.608,0.183
GYRO: 734994,1,0.942,-0.593,0.244
GYRO: 735495,1,0.728,-0.409,-0.122
GYRO: 735997,1,0.652,-0.318,-0.107
GYRO: 736503,1,0.590,-0.654,0.259
GYRO: 737000,1,0.636,-0.486,-0.153
GYRO: 737501,1,0.835,-0.394,-0.183
GYRO: 738003,1,0.865,-0.211,-0.107
GYRO: 738505,1,0.545,-0.379,0.153
GYRO: 739006,1,0.529,-0.135,0.030
GYRO: 739507,1,0.423,-0.058,0.076
GYRO: 740009,1,0.942,-0.348,0.015
GYRO: 740511,1,0.590,-0.135,-0.122
GYRO: 741012,1,0.758,-0.318,0.015
GYRO: 741514,1,0.545,-0.303,0.015
GYRO: 742021,1,0.774,-0.058,-0.015
GYRO: 742519,1,0.819,-0.012,-0.076
GYRO: 743018,1,0.514,-0.012,0.153
GYRO: 743519,1,0.621,-0.547,-0.092
GYRO: 744020,1,0.881,-0.119,-0.305
GYRO: 744523,1,0.545,-0.516,0.183
GYRO: 745024,1,0.881,0.033,0.198
GYRO: 745527,1,0.865,-0.257,0.122
GYRO: 746028,1,0.316,-0.104,0.198
GYRO: 746530,1,0.667,-0.180,0.046
GYRO: 747031,1,0.636,-0.028,0.137
GYRO: 747536,1,0.545,-0.028,-0.199
GYRO: 748034,1,0.636,0.064,0.076
GYRO: 748535,1,0.697,-0.058,-0.031
GYRO: 749038,1,0.682,-0.135,0.290
GYRO: 749540,1,0.804,-0.150,0.183
GYRO: 750041,1,0.728,-0.470,-0.107
GYRO: 750542,1,0.652,0.659,-0.092
GYRO: 751043,1,0.957,-0.715,0.153
GYRO: 751545,1,0.652,0.110,-0.382
GYRO: 752047,1,0.743,0.003,0.259
GYRO: 752548,1,0.545,0.033,-0.183
GYRO: 753067,1,0.835,0.140,-0.153
GYRO: 753552,1,0.667,-0.135,0.321
GYRO: 754053,1,0.728,-0.241,-0.260
GYRO: 754555,1,0.682,0.186,-0.183
GYRO: 755056,1,0.743,-0.822,-0.092
GYRO: 755558,1,0.743,0.369,-0.214
GYRO: 756065,1,0.606,-0.409,0.229
GYRO: 756560,1,0.942,0.232,-0.458
GYRO: 757061,1,-0.020,-0.577,0.321
GYRO: 757563,1,0.713,-0.486,0.122
GYRO: 758070,1,1.568,-1.402,-0.015
GYRO: 758566,1,-0.448,3.682,0.046
GYRO: 759066,1,0.621,-1.264,-0.000
GYRO: 759568,1,0.514,-0.074,-0.687
GYRO: 760071,1,0.636,-1.890,0.611
GYRO: 760573,1,0.239,0.171,0.229
GYRO: 761076,1,0.697,2.552,-0.137
GYRO: 761584,1,0.957,1.942,-0.290
GYRO: 762080,1,0.789,0.171,0.061
GYRO: 762581,1,0.850,-0.730,0.107
GYRO: 763082,1,0.957,1.224,-0.015
GYRO: 763584,1,0.560,-1.967,-0.107
GYRO: 764085,1,0.881,3.163,0.580
GYRO: 764709,1,0.713,-0.730,-0.550
GYRO: 765126,1,0.361,3.697,-0.305
GYRO: 765593,1,0.728,-0.486,-0.428
GYRO: 766092,1,0.758,0.644,-0.015
GYRO: 766594,1,0.835,0.736,0.214
GYRO: 767101,1,0.881,-1.081,0.107
GYRO: 767596,1,0.774,0.980,-0.321
GYRO: 768097,1,0.758,-0.486,-0.321
GYRO: 768599,1,0.392,5.545,-0.229
GYRO: 769100,1,1.171,-1.539,0.076
GYRO: 769602,1,0.178,-0.852,0.015
GYRO: 770103,1,0.529,-1.860,-0.260
GYRO: 770604,1,0.545,0.339,0.076
GYRO: 771107,1,0.697,-0.837,0.046
GYRO: 771610,1,0.575,0.369,-0.061
GYRO: 772113,1,0.392,-3.341,0.427
GYRO: 772622,1,0.896,0.140,-0.183
GYRO: 773118,1,0.606,-1.799,0.137
GYRO: 773619,1,0.606,-0.058,-0.275
GYRO: 774120,1,0.896,-0.761,-0.351
GYRO: 774621,1,0.865,0.140,-0.107
GYRO: 775123,1,1.155,-0.333,0.183
GYRO: 775625,1,0.529,-0.654,0.229
GYRO: 776129,1,0.789,0.155,0.168
GYRO: 776630,1,0.361,-0.898,-0.153
GYRO: 777134,1,0.606,0.186,-0.000
GYRO: 777635,1,0.881,-0.745,0.397
GYRO: 778141,1,0.575,-1.066,0.153
GYRO: 778638,1,0.560,0.705,0.198
GYRO: 779139,1,0.300,-0.089,0.168
GYRO: 779642,1,0.407,-0.745,0.198
GYRO: 780144,1,1.201,0.873,0.168
GYRO: 780647,1,0.545,-0.837,0.259
GYRO: 781152,1,0.926,-0.226,-0.092
GYRO: 781649,1,0.850,0.018,-0.076
GYRO: 782152,1,0.819,-0.470,-0.275
GYRO: 782653,1,0.774,-0.028,-0.305
GYRO: 783154,1,0.606,-0.226,0.244
GYRO: 783656,1,0.896,-0.241,-0.153
GYRO: 784158,1,0.911,-0.455,-0.153
GYRO: 784660,1,0.743,-0.104,0.275
GYRO: 785161,1,0.545,-0.226,0.015
GYRO: 785663,1,0.636,-0.501,0.122
GYRO: 786166,1,0.957,-0.028,0.061
GYRO: 786673,1,1.140,-0.135,-0.092
GYRO: 787169,1,0.835,-0.211,-0.046
GYRO: 787672,1,0.896,0.140,-0.031
GYRO: 788173,1,0.560,-0.241,0.183
GYRO: 788677,1,0.926,-0.226,0.061
GYRO: 789176,1,1.140,-0.394,0.046
GYRO: 789677,1,0.606,-0.379,0.198
GYRO: 790177,1,0.804,-0.196,0.275
GYRO: 790680,1,0.636,-0.638,0.137
GYRO: 791180,1,0.835,-0.074,0.259
GYRO: 791683,1,1.018,0.415,0.076
GYRO: 792188,1,0.484,-1.936,0.153
GYRO: 792685,1,0.667,1.194,0.198
GYRO: 793187,1,0.728,-1.249,-0.076
GYRO: 793690,1,0.728,0.430,0.443
GYRO: 794191,1,0.896,-0.745,-0.046
GYRO: 794694,1,0.926,-0.012,0.137
GYRO: 795194,1,0.636,-0.257,0.092
GYRO: 795697,1,0.713,-0.852,-0.061
GYRO: 796197,1,0.881,1.224,-0.000
GYRO: 796700,1,0.590,-0.394,0.595
GYRO: 797201,1,0.377,-1.310,0.015
GYRO: 797785,1,0.789,0.690,0.259
GYRO: 798205,1,0.804,-0.638,0.321
GYRO: 798707,1,1.125,-0.318,0.244
GYRO: 799208,1,1.003,-0.394,0.153
GYRO: 799710,1,0.713,-0.822,0.259
GYRO: 800211,1,0.590,-0.318,0.198
GYRO: 800718,1,0.331,0.155,-0.290
GYRO: 801214,1,0.789,-0.715,0.198
GYRO: 801716,1,0.881,0.018,0.153
GYRO: 802217,1,1.033,-0.654,0.015
GYRO: 802719,1,0.713,-0.486,0.198
GYRO: 803225,1,1.003,-0.165,-0.015
GYRO: 803722,1,0.621,-0.028,0.168
GYRO: 804225,1,0.545,-0.898,0.030
GYRO: 804724,1,0.560,0.049,0.030
GYRO: 805225,1,1.186,-0.348,0.122
GYRO: 805729,1,0.819,-0.379,-0.061
GYRO: 806236,1,0.621,-0.532,-0.122
GYRO: 806732,1,1.033,0.720,-0.244
GYRO: 807234,1,1.003,-0.623,-0.428
GYRO: 807736,1,0.621,-0.425,0.046
GYRO: 808237,1,0.850,-0.043,-0.183
GYRO: 808739,1,0.926,-0.165,-0.092
GYRO: 809281,1,0.713,-0.425,0.122
GYRO: 809740,1,0.881,0.003,0.290
GYRO: 810241,1,0.636,-0.196,0.030
GYRO: 810744,1,1.003,-0.379,-0.382
GYRO: 811245,1,1.171,-0.196,0.076
GYRO: 811754,1,0.972,-0.776,-0.153
GYRO: 812247,1,0.728,0.217,0.015
GYRO: 812750,1,0.621,-0.516,0.183
GYRO: 813251,1,0.697,-0.058,-0.076
GYRO: 813754,1,0.697,-0.226,-0.015
GYRO: 814254,1,0.529,-0.470,-0.382
GYRO: 814756,1,0.850,-0.150,-0.244
GYRO: 815258,1,0.667,-0.058,0.076
GYRO: 815759,1,0.881,0.064,0.030
GYRO: 816259,1,0.575,-0.486,0.030
GYRO: 816762,1,0.896,-0.409,-0.183
GYRO: 817268,1,1.094,0.446,-0.168
GYRO: 817764,1,0.545,0.262,0.153
GYRO: 818265,1,0.835,-0.990,-0.031
GYRO: 818768,1,0.881,0.140,0.092
GYRO: 819268,1,0.468,-0.043,-0.214
GYRO: 819770,1,0.652,0.064,0.122
GYRO: 820271,1,0.972,-0.211,0.458
GYRO: 820774,1,0.865,-0.547,0.153
GYRO: 821275,1,1.110,-0.196,0.030
GYRO: 821777,1,0.697,0.125,0.030
GYRO: 822279,1,0.865,-1.356,-0.504
GYRO: 822797,1,0.560,1.026,0.305
GYRO: 823280,1,0.789,-2.577,0.046
GYRO: 823781,1,0.514,0.186,0.366
GYRO: 824283,1,0.957,-3.890,-0.519
GYRO: 824784,1,0.514,-0.104,-0.153
GYRO: 825286,1,0.713,-1.738,-0.092
GYRO: 825793,1,0.865,-0.791,0.244
GYRO: 826290,1,0.606,0.354,-0.092
GYRO: 826792,1,1.033,0.339,0.412
GYRO: 827294,1,0.484,-0.623,-0.046
GYRO: 827796,1,0.697,0.033,0.076
GYRO: 828302,1,0.499,-0.089,-0.000
GYRO: 828797,1,0.850,-1.264,0.061
GYRO: 829299,1,0.682,0.507,0.061
GYRO: 829801,1,0.850,-0.425,-0.076
GYRO: 830302,1,0.529,0.262,0.153
GYRO: 830803,1,1.140,-0.699,0.443
GYRO: 831310,1,0.606,0.171,-0.137
GYRO: 831808,1,0.499,-0.730,-0.092
GYRO: 832310,1,0.636,-0.104,-0.183
GYRO: 832812,1,0.743,-0.837,-0.229
GYRO: 833314,1,0.682,-0.318,-0.046
GYRO: 833816,1,0.743,0.018,0.214
GYRO: 834317,1,0.896,-0.470,0.076
GYRO: 834820,1,0.697,-0.287,-0.092
GYRO: 835322,1,0.636,-0.165,-0.092
GYRO: 835823,1,0.499,-0.425,-0.031
GYRO: 836326,1,0.819,-0.119,-0.031
GYRO: 836832,1,0.728,0.430,0.030
GYRO: 837328,1,0.606,-0.883,0.092
GYRO: 837830,1,0.590,0.308,-0.137
GYRO: 838332,1,0.789,-0.486,0.183
GYRO: 838834,1,0.468,0.369,0.351
GYRO: 839336,1,0.789,-0.593,0.076
GYRO: 839838,1,0.621,-0.287,0.092
GYRO: 840341,1,1.308,-0.470,-0.214
GYRO: 840843,1,8.026,-147.814,-8.916
GYRO: 841345,1,-5.547,125.835,-62.504
GYRO: 841847,1,-16.219,208.384,9.740
GYRO: 842366,1,32.957,445.743,14.534
GYRO: 842850,1,10.392,501.667,-23.679
GYRO: 843350,1,-2.158,501.667,-3.237
GYRO: 843854,1,-5.257,501.667,-21.084
GYRO: 844355,1,-6.051,501.667,-10.122
GYRO: 844861,1,-23.791,501.667,-2.916
GYRO: 845357,1,-23.043,501.667,15.725
GYRO: 845857,1,-6.585,501.667,-2.534
GYRO: 846360,1,-4.890,501.667,9.359
GYRO: 846862,1,-0.845,501.667,23.252
GYRO: 847363,1,-8.448,501.667,27.282
GYRO: 847865,1,-18.081,501.667,31.252
GYRO: 848366,1,-20.417,501.667,41.282
GYRO: 848867,1,-11.745,501.667,54.229
GYRO: 849368,1,-38.768,501.667,52.153
GYRO: 849872,1,-35.303,501.667,49.282
GYRO: 850371,1,-45.745,501.667,40.076
GYRO: 850873,1,-49.700,501.667,19.038
GYRO: 851374,1,-48.661,501.667,16.030
GYRO: 851877,1,-48.692,501.667,11.481
GYRO: 852378,1,-44.738,501.667,8.076
GYRO: 852884,1,-43.043,501.667,11.847
GYRO: 853503,1,-42.402,501.667,10.580
GYRO: 853924,1,-39.501,501.667,10.290
GYRO: 854383,1,-36.784,501.667,13.282
GYRO: 854886,1,-23.074,501.667,14.656
GYRO: 855394,1,-22.555,501.667,3.389
GYRO: 855890,1,-21.303,501.667,-0.428
GYRO: 856393,1,-36.967,501.667,6.030
GYRO: 856896,1,-20.310,501.667,15.817
GYRO: 857399,1,-12.753,501.667,-0.763
GYRO: 857906,1,-32.646,501.667,10.275
GYRO: 858402,1,-8.310,501.667,14.153
GYRO: 858904,1,-30.417,501.667,0.519
GYRO: 859405,1,-3.242,501.667,18.672
GYRO: 859906,1,-28.982,501.667,-0.473
GYRO: 860409,1,5.094,501.667,11.282
GYRO: 860910,1,-30.035,501.667,14.443
GYRO: 861411,1,2.865,501.667,-6.199
GYRO: 861913,1,-5.013,501.667,30.794
GYRO: 862416,1,-20.509,501.453,3.359
GYRO: 862917,1,-222.417,-47.982,-310.168
GYRO: 863419,1,504.087,-444.608,364.992
GYRO: 863919,1,-132.845,-498.867,71.725
GYRO: 864422,1,74.209,-493.646,-329.344
GYRO: 864924,1,307.003,-498.867,-289.420
GYRO: 865430,1,188.438,234.675,278.046
GYRO: 865929,1,-45.226,-498.867,150.779
GYRO: 866430,1,-179.074,-189.081,62.672
GYRO: 866932,1,23.674,144.201,123.160
GYRO: 867434,1,88.575,335.988,-27.405
GYRO: 867935,1,-44.127,-22.745,-79.878
GYRO: 868442,1,-93.898,-296.577,-47.527
GYRO: 868940,1,-17.715,-368.745,44.397
GYRO: 869441,1,153.232,-135.799,-107.435
GYRO: 869943,1,-164.723,206.323,-158.229
GYRO: 870445,1,-264.860,-89.799,133.038
GYRO: 870952,1,195.965,123.026,140.611
GYRO: 871448,1,-2.570,299.835,7.160
GYRO: 871951,1,35.965,309.148,194.229
GYRO: 872453,1,183.629,196.018,-5.542
GYRO: 872954,1,26.178,320.461,76.931
GYRO: 873460,1,-2.387,303.759,-35.084
GYRO: 873957,1,12.926,-159.112,50.290
GYRO: 874459,1,57.674,141.392,-58.947
GYRO: 874960,1,91.552,-325.142,-42.000
GYRO: 875462,1,163.980,-330.638,112.107
GYRO: 875970,1,-147.669,78.369,-6.428
GYRO: 876465,1,58.713,380.125,24.885
GYRO: 876966,1,-3.883,124.384,-204.779
GYRO: 877468,1,-191.119,470.736,-168.214
GYRO: 877970,1,16.942,384.598,17.008
GYRO: 878476,1,31.659,187.988,-98.015
GYRO: 878973,1,-41.135,501.667,-122.260
GYRO: 879475,1,-287.150,501.667,-41.145
GYRO: 879978,1,-70.387,173.835,342.000
GYRO: 880481,1,52.652,-305.814,-232.305
GYRO: 880981,1,271.812,-227.814,42.946
GYRO: 881482,1,-86.432,150.965,-159.649
GYRO: 881984,1,33.644,-307.066,-132.031
GYRO: 882485,1,42.590,501.667,-69.359
GYRO: 882988,1,38.270,-100.211,-132.641
GYRO: 883490,1,68.209,69.652,-102.550
GYRO: 883991,1,9.858,59.468,193.664
GYRO: 884493,1,-120.646,-309.554,-125.878
GYRO: 884996,1,14.316,-186.257,209.252
GYRO: 885497,1,-73.181,-495.906,-198.947
GYRO: 886074,1,202.606,-342.745,17.053
GYRO: 886500,1,110.102,-498.867,75.939
GYRO: 887002,1,87.720,-498.867,108.641
GYRO: 887503,1,-149.715,-498.867,109.389
GYRO: 888006,1,-71.822,-498.867,277.191
GYRO: 888508,1,-238.264,189.835,45.267
GYRO: 889010,1,26.911,-498.867,-28.183
GYRO: 889513,1,3.995,-75.051,234.366
GYRO: 890015,1,-166.234,335.774,133.466
GYRO: 890517,1,-10.952,-255.967,-29.267
GYRO: 891020,1,74.865,372.888,-173.160
GYRO: 891526,1,-137.806,303.850,-75.695
GYRO: 892022,1,-104.295,501.667,-81.847
GYRO: 892525,1,-173.669,501.667,38.855
GYRO: 893026,1,-261.043,501.667,8.962
GYRO: 893529,1,53.461,482.033,136.855
GYRO: 894036,1,154.529,501.667,122.840
GYRO: 894533,1,79.644,383.667,140.092
GYRO: 895035,1,68.484,501.667,77.343
GYRO: 895536,1,148.652,455.759,-23.206
GYRO: 896042,1,-143.623,299.102,-51.527
GYRO: 896759,1,133.110,217.621,-22.565
GYRO: 897038,1,106.423,501.667,-273.802
GYRO: 897541,1,-47.974,208.980,-141.695
GYRO: 898044,1,98.590,501.667,67.450
GYRO: 898546,1,-68.265,38.278,52.290
GYRO: 899053,1,-151.181,107.087,-73.084
GYRO: 899551,1,-26.035,501.667,62.992
GYRO: 900053,1,34.529,-296.104,16.183
GYRO: 900556,1,-62.723,451.362,-38.901
GYRO: 901057,1,119.629,59.575,-11.115
GYRO: 901558,1,121.690,501.667,-61.786
GYRO: 902060,1,-1.944,-4.654,-29.710
GYRO: 902561,1,113.537,-481.127,-1.954
GYRO: 903064,1,40.957,-498.867,110.946
GYRO: 903565,1,55.934,-498.867,35.969
GYRO: 904066,1,65.858,-390.226,-121.878
GYRO: 904568,1,173.537,-77.127,61.542
GYRO: 905071,1,-49.516,209.926,-28.626
GYRO: 905574,1,22.606,-2.486,-28.000
GYRO: 906075,1,-26.478,-496.837,146.885
GYRO: 906577,1,15.965,-498.867,99.832
GYRO: 907078,1,-166.448,-479.325,84.519
GYRO: 907579,1,-17.562,-498.867,134.901
GYRO: 908081,1,-182.158,-356.028,-14.641
GYRO: 908583,1,26.987,-397.936,-153.130
GYRO: 909084,1,82.911,-498.867,25.008
GYRO: 909585,1,109.506,-402.470,-6.473
GYRO: 910086,1,99.125,-272.898,23.282
GYRO: 910589,1,-1.089,-8.944,-69.450
GYRO: 911096,1,-66.845,-305.997,32.366
GYRO: 911591,1,35.461,-247.264,-21.817
GYRO: 912097,1,98.438,-119.646,57.221
GYRO: 912596,1,22.132,49.362,-25.878
GYRO: 913098,1,-68.768,-104.241,-42.916
GYRO: 913600,1,98.682,-73.554,48.595
GYRO: 914101,1,58.148,-102.104,-82.382
GYRO: 914607,1,-55.104,99.789,97.954
GYRO: 915102,1,50.041,277.575,-45.573
GYRO: 915605,1,99.308,428.904,-143.893
GYRO: 916108,1,-86.616,501.667,-39.176
GYRO: 916609,1,-64.875,501.438,103.084
GYRO: 917115,1,-122.463,450.003,-29.084
GYRO: 917611,1,53.781,382.232,106.748
GYRO: 918112,1,-114.448,-358.577,45.832
GYRO: 918614,1,-25.639,-174.058,-41.298
GYRO: 919115,1,-9.318,-212.272,133.817
GYRO: 919622,1,-48.555,79.010,-190.458
GYRO: 920119,1,33.506,-87.264,140.412
GYRO: 920620,1,-35.806,-208.867,-73.939
GYRO: 921121,1,142.194,-244.562,-27.756
GYRO: 921623,1,114.484,-498.867,193.496
GYRO: 922124,1,111.781,-498.867,169.405
GYRO: 922625,1,-114.921,-44.455,141.206
GYRO: 923127,1,86.331,15.285,-82.947
GYRO: 923629,1,-23.654,335.713,-88.580
GYRO: 924130,1,-125.990,300.140,52.992
GYRO: 924631,1,172.514,66.110,-2.794
GYRO: 925132,1,-70.692,74.323,-130.061
GYRO: 925634,1,231.323,-309.570,105.710
GYRO: 926135,1,17.216,-377.478,146.061
GYRO: 926638,1,-105.761,-318.348,29.863
GYRO: 927153,1,-134.784,-498.867,-80.718
GYRO: 927640,1,-105.730,-498.867,-77.252
GYRO: 928141,1,15.415,-254.913,-192.183
GYRO: 928643,1,151.980,-498.867,20.122
GYRO: 929144,1,140.392,-498.867,16.702
GYRO: 929644,1,-35.486,-461.188,132.702
GYRO: 930147,1,-165.287,-498.867,48.946
GYRO: 930648,1,-26.035,-373.845,29.252
GYRO: 931150,1,110.346,-168.364,-91.786
GYRO: 931652,1,3.018,-474.089,139.496
GYRO: 932154,1,-32.173,-397.203,-168.260
GYRO: 932659,1,-0.051,-427.539,-180.504
GYRO: 933156,1,53.965,-240.730,1.405
GYRO: 933657,1,-103.608,-108.623,50.366
GYRO: 934158,1,-29.745,-7.463,-49.389
GYRO: 934661,1,-22.967,82.583,-46.962
GYRO: 935167,1,70.209,-191.417,-27.328
GYRO: 935664,1,11.995,-136.516,-68.428
GYRO: 936166,1,46.560,-138.577,-99.359
GYRO: 936667,1,3.766,125.560,52.870
GYRO: 937170,1,66.255,-309.249,8.794
GYRO: 938039,1,213.659,-147.264,-38.443
GYRO: 938173,1,58.087,-370.119,132.550
GYRO: 938673,1,51.644,-254.852,-0.443
GYRO: 939174,1,166.499,-158.684,86.855
GYRO: 939677,1,-96.600,327.010,-93.741
GYRO: 940184,1,-33.532,501.667,-149.344
GYRO: 940680,1,-59.959,-166.409,-133.145
GYRO: 941181,1,-89.181,501.667,210.061
GYRO: 941689,1,235.430,377.224,141.069
GYRO: 942185,1,-98.845,-498.867,20.244
GYRO: 942685,1,29.812,-493.921,-110.137
GYRO: 943187,1,93.308,-49.600,113.053
GYRO: 943690,1,-40.723,-44.241,-145.618
GYRO: 944192,1,151.110,-278.699,-44.534
GYRO: 944694,1,-3.150,-229.799,-51.481
GYRO: 945196,1,6.041,-498.867,-127.283
GYRO: 945697,1,-97.974,-498.867,-5.863
GYRO: 946198,1,4.255,-340.822,-72.565
GYRO: 946699,1,165.827,-288.058,-61.237
GYRO: 947201,1,57.598,-60.730,151.023
GYRO: 947702,1,-11.074,-177.539,-50.199
GYRO: 948208,1,238.438,-305.921,-10.473
GYRO: 948705,1,107.461,-319.325,136.748
GYRO: 949206,1,-96.952,-135.692,-31.130
GYRO: 949708,1,147.568,256.720,155.847
GYRO: 950209,1,-265.135,-424.226,-24.931
GYRO: 950717,1,-30.356,-371.814,-213.985
GYRO: 951212,1,64.911,-35.387,-1.176
GYRO: 951713,1,82.331,316.217,-147.496
GYRO: 952215,1,-60.387,55.178,181.832
GYRO: 952716,1,-121.410,-11.249,-102.504
GYRO: 953221,1,-19.883,-79.096,0.687
GYRO: 953718,1,-22.402,-81.127,-92.412
GYRO: 954220,1,45.201,-97.387,-49.588
GYRO: 954721,1,37.293,-132.562,-31.741
GYRO: 955224,1,16.087,-156.974,-28.595
GYRO: 955730,1,35.110,-176.409,21.756
GYRO: 956226,1,-44.005,-199.035,-47.618
GYRO: 956729,1,-9.837,-74.211,-36.305
GYRO: 957233,1,40.514,-195.661,1.084
GYRO: 957733,1,10.026,-361.860,-12.015
GYRO: 958236,1,51.400,-234.593,-63.618
GYRO: 958738,1,-8.494,-106.425,39.160
GYRO: 959241,1,77.873,-402.043,38.488
GYRO: 959741,1,50.514,-427.539,-0.275
GYRO: 960243,1,17.339,-239.631,52.259
GYRO: 960744,1,-29.348,208.644,-15.756
GYRO: 961245,1,24.270,18.949,31.038
GYRO: 961747,1,-51.776,-103.768,-84.550
GYRO: 962249,1,34.774,-498.867,-100.916
GYRO: 962750,1,-46.799,22.736,4.809
GYRO: 963252,1,84.407,28.354,-80.336
GYRO: 963760,1,198.285,-39.829,30.763
GYRO: 964256,1,-6.188,-342.043,69.175
GYRO: 964757,1,47.232,-369.478,-130.458
GYRO: 965259,1,84.484,-498.867,-42.977
GYRO: 965762,1,-19.196,-371.295,83.389
GYRO: 966271,1,-96.982,32.552,70.885
GYRO: 966766,1,-48.387,-79.616,-26.840
GYRO: 967268,1,-3.593,-32.730,32.763
GYRO: 967769,1,75.781,83.407,-12.137
GYRO: 968272,1,-120.341,251.697,-145.664
GYRO: 968774,1,-58.646,501.667,117.282
