GYRO: 19746,1,0.030,1.147,0.260
GYRO: 19787,1,-0.107,0.506,-0.351
GYRO: 20283,1,0.076,-0.151,0.244
GYRO: 20783,1,-0.092,-0.181,-0.168
GYRO: 21285,1,-0.214,-1.357,0.290
GYRO: 21787,1,0.198,0.918,-0.137
GYRO: 22289,1,0.168,-0.533,-0.122
GYRO: 22793,1,-0.306,-1.265,0.260
GYRO: 23293,1,-0.107,0.826,-0.550
GYRO: 23794,1,0.061,-0.533,0.321
GYRO: 24296,1,0.351,-0.166,-0.244
GYRO: 24797,1,-0.153,0.231,0.366
GYRO: 25299,1,0.122,-1.128,-0.198
GYRO: 25801,1,-0.092,-0.594,0.000
GYRO: 26302,1,0.076,-0.380,-0.122
GYRO: 26803,1,0.045,-0.609,-0.321
GYRO: 27304,1,0.213,0.002,0.351
GYRO: 27815,1,0.305,-1.052,0.046
GYRO: 28311,1,-0.184,0.841,-0.122
GYRO: 28812,1,-0.031,0.964,-0.046
GYRO: 29314,1,0.076,-0.502,-0.137
GYRO: 29815,1,0.366,0.567,-0.260
GYRO: 30315,1,0.549,-0.029,-0.198
GYRO: 30825,1,0.381,-0.044,0.000
GYRO: 31319,1,0.183,0.277,-0.076
GYRO: 31820,1,0.137,1.589,-0.214
GYRO: 32322,1,-0.199,-0.594,-0.031
GYRO: 32823,1,0.168,0.628,0.000
GYRO: 33325,1,0.137,0.673,-0.092
GYRO: 33831,1,0.366,1.101,0.290
GYRO: 34327,1,0.030,-0.334,0.092
GYRO: 34828,1,0.336,0.017,-0.107
GYRO: 35328,1,0.427,-0.411,0.687
GYRO: 35831,1,-0.199,-0.792,-0.122
GYRO: 36333,1,0.061,0.093,-0.046
GYRO: 36841,1,0.061,0.719,-0.351
GYRO: 37335,1,-0.046,0.399,0.137
GYRO: 37835,1,0.366,0.444,0.244
GYRO: 38343,1,-0.046,0.429,-0.015
GYRO: 38837,1,-0.413,-0.059,0.061
GYRO: 39339,1,0.152,-0.349,0.183
GYRO: 39839,1,-0.122,-0.930,-0.168
GYRO: 40341,1,0.107,-0.823,0.061
GYRO: 40843,1,-0.199,0.994,-0.305
GYRO: 41344,1,0.213,-0.273,-0.092
GYRO: 41846,1,0.137,-0.991,-0.092
GYRO: 42354,1,-0.443,-0.288,-0.031
GYRO: 42850,1,-0.138,-0.304,0.061
GYRO: 43350,1,0.656,0.093,-0.061
GYRO: 43853,1,-0.138,0.948,0.198
GYRO: 44354,1,0.030,0.353,-0.458
GYRO: 44853,1,0.290,-0.533,-0.107
GYRO: 45360,1,0.244,0.383,0.137
GYRO: 45855,1,0.244,0.597,-0.076
GYRO: 46356,1,0.152,-0.365,-0.137
GYRO: 46858,1,0.442,1.605,-0.244
GYRO: 47359,1,-0.168,-3.418,0.397
GYRO: 47861,1,0.732,0.750,-0.092
GYRO: 48362,1,-0.138,-1.464,-0.061
GYRO: 48864,1,0.488,-0.197,0.137
GYRO: 49365,1,-0.321,0.612,-0.137
GYRO: 49967,1,0.427,5.574,0.000
GYRO: 50368,1,-0.138,3.834,-0.611
GYRO: 50875,1,0.229,0.490,-0.351
GYRO: 51371,1,0.152,2.475,-0.565
GYRO: 51873,1,-0.184,-0.411,0.046
GYRO: 52375,1,0.458,-0.960,0.260
GYRO: 52877,1,0.595,-0.411,0.031
GYRO: 53379,1,0.045,0.964,0.031
GYRO: 53892,1,-0.000,4.185,-0.260
GYRO: 54383,1,0.015,-2.945,0.290
GYRO: 54884,1,0.137,-1.357,-0.015
GYRO: 55386,1,0.030,-1.708,0.351
GYRO: 55886,1,0.351,2.185,0.290
GYRO: 56388,1,0.519,-1.891,-0.382
GYRO: 56889,1,0.061,0.429,-1.008
GYRO: 57391,1,-0.107,-0.456,0.397
GYRO: 57893,1,-0.016,0.399,0.076
GYRO: 58395,1,0.183,-0.716,0.015
GYRO: 58897,1,0.183,-0.975,0.000
GYRO: 59402,1,0.213,-1.418,-0.122
GYRO: 59900,1,0.427,0.002,-0.046
GYRO: 60400,1,0.015,0.673,0.076
GYRO: 60902,1,-0.153,0.307,-0.046
GYRO: 61403,1,0.122,-0.365,0.198
GYRO: 61905,1,0.274,1.345,-0.305
GYRO: 62406,1,0.274,-0.212,0.168
GYRO: 62907,1,0.152,1.086,-0.092
GYRO: 63408,1,0.168,-0.349,0.534
GYRO: 63909,1,0.397,0.292,-0.290
GYRO: 64411,1,-0.184,0.673,0.382
GYRO: 64917,1,0.152,-1.159,-0.137
GYRO: 65413,1,-0.122,-0.655,-0.183
GYRO: 65916,1,0.244,0.750,-0.015
GYRO: 66417,1,0.061,0.246,-0.092
GYRO: 66917,1,-0.046,0.261,0.244
GYRO: 67419,1,0.045,0.063,-0.351
GYRO: 67925,1,-0.306,-1.082,0.214
GYRO: 68422,1,0.351,1.849,0.015
GYRO: 68923,1,0.305,0.109,-0.275
GYRO: 69426,1,0.366,-1.632,0.153
GYRO: 69927,1,-0.061,-2.533,0.656
GYRO: 70429,1,0.137,-1.647,-0.092
GYRO: 70932,1,0.412,-0.136,-0.382
GYRO: 71432,1,0.244,-0.487,-0.718
GYRO: 71933,1,0.183,0.948,0.244
GYRO: 72434,1,-0.489,0.399,-0.290
GYRO: 72935,1,-0.031,-0.136,0.275
GYRO: 73442,1,0.534,0.261,0.015
GYRO: 73939,1,0.213,-0.426,0.061
GYRO: 74440,1,-0.138,-0.807,-0.290
GYRO: 74941,1,0.213,-0.930,-0.092
GYRO: 75443,1,0.259,-0.243,-0.122
GYRO: 75945,1,0.168,0.093,0.015
GYRO: 76446,1,0.274,-0.899,0.153
GYRO: 76947,1,0.488,0.857,0.076
GYRO: 77448,1,0.061,-0.166,0.260
GYRO: 77949,1,0.427,-1.846,-0.122
GYRO: 78450,1,0.259,-0.090,-0.061
GYRO: 78958,1,0.290,0.185,-0.489
GYRO: 79455,1,0.320,-1.388,0.092
GYRO: 79957,1,0.351,-0.731,-0.137
GYRO: 80459,1,-0.061,0.139,0.000
GYRO: 80960,1,-0.031,-0.044,-0.153
GYRO: 81462,1,-0.077,0.109,-0.504
GYRO: 81967,1,-0.000,-0.227,0.275
GYRO: 82463,1,0.015,0.215,-0.290
GYRO: 82964,1,0.412,-0.181,0.183
GYRO: 83466,1,0.122,-0.517,-0.229
GYRO: 83967,1,0.351,0.628,-0.198
GYRO: 84471,1,0.794,0.765,-0.214
GYRO: 84971,1,0.198,0.063,0.153
GYRO: 85471,1,0.198,0.414,0.076
GYRO: 85973,1,0.015,0.063,-0.168
GYRO: 86474,1,0.091,-0.227,0.412
GYRO: 86976,1,0.336,-0.212,0.366
GYRO: 87483,1,0.412,-0.014,-0.092
GYRO: 87982,1,0.534,0.063,-0.092
GYRO: 88482,1,0.305,0.261,-0.031
GYRO: 88983,1,0.488,-0.075,0.321
GYRO: 89485,1,0.213,-0.243,0.046
GYRO: 89988,1,0.442,0.735,-0.107
GYRO: 90488,1,0.091,0.109,0.519
GYRO: 90990,1,0.244,0.460,-0.076
GYRO: 91493,1,-0.138,-0.197,0.397
GYRO: 91995,1,0.244,0.063,-0.015
GYRO: 92495,1,-0.016,1.086,-0.214
GYRO: 93002,1,0.397,-0.578,0.031
GYRO: 93500,1,0.198,-0.319,0.183
GYRO: 94003,1,0.107,-0.120,0.061
GYRO: 94503,1,0.351,0.063,0.015
GYRO: 95005,1,0.213,0.200,-0.275
GYRO: 95507,1,0.229,-0.349,0.076
GYRO: 96019,1,0.076,-0.075,0.183
GYRO: 96514,1,0.336,-0.059,0.229
GYRO: 97015,1,-0.016,0.322,0.290
GYRO: 97516,1,0.381,-0.319,-0.046
GYRO: 98019,1,-0.000,-0.395,-0.015
GYRO: 98520,1,0.274,-0.487,0.275
GYRO: 99023,1,0.107,0.185,-0.015
GYRO: 99524,1,0.442,-0.136,-0.336
GYRO: 100031,1,0.259,0.567,-0.366
GYRO: 100528,1,0.397,-0.258,0.107
GYRO: 101029,1,0.122,-0.349,-0.458
GYRO: 101537,1,0.259,0.231,-0.076
GYRO: 102032,1,0.336,-0.777,-0.275
GYRO: 102534,1,0.183,0.093,0.092
GYRO: 103035,1,0.045,0.078,0.000
GYRO: 103536,1,0.839,13.116,-0.366
GYRO: 104039,1,-0.336,1.803,-0.443
GYRO: 104541,1,-0.000,1.956,0.168
GYRO: 105044,1,0.580,-0.166,0.076
GYRO: 105545,1,0.107,-0.899,0.153
GYRO: 106048,1,0.213,-1.846,0.382
GYRO: 106550,1,0.274,-2.472,0.305
GYRO: 107181,1,0.503,0.322,0.122
GYRO: 107550,1,0.137,-0.823,0.107
GYRO: 108051,1,0.168,-0.273,-0.168
GYRO: 108553,1,0.290,-0.685,0.290
GYRO: 109055,1,0.045,-2.197,0.244
GYRO: 109555,1,0.320,-0.960,0.076
GYRO: 110056,1,0.305,1.681,-0.244
GYRO: 110558,1,-0.122,0.338,-0.305
GYRO: 111059,1,0.488,0.948,-0.153
GYRO: 111560,1,0.259,0.704,-0.168
GYRO: 112061,1,0.336,1.238,-0.397
GYRO: 112567,1,0.152,-0.151,0.137
GYRO: 113063,1,0.397,0.383,-0.183
GYRO: 113565,1,0.244,-0.227,-0.244
GYRO: 114067,1,0.168,0.200,-0.382
GYRO: 114568,1,0.198,0.139,-0.153
GYRO: 115075,1,0.595,0.521,-0.046
GYRO: 115572,1,0.748,0.109,-0.076
GYRO: 116073,1,0.381,0.750,-0.168
GYRO: 116575,1,0.503,1.131,-0.122
GYRO: 117076,1,0.366,1.452,-0.489
GYRO: 117578,1,0.244,1.254,-0.321
GYRO: 118085,1,0.305,1.574,0.000
GYRO: 118580,1,-0.107,0.154,0.153
GYRO: 119082,1,0.198,0.796,0.260
GYRO: 119583,1,0.107,0.093,-0.305
GYRO: 120085,1,0.442,-0.609,0.122
GYRO: 120587,1,0.503,1.009,0.183
GYRO: 121088,1,-0.260,-0.426,0.229
GYRO: 121589,1,-0.122,1.269,0.244
GYRO: 122091,1,0.366,0.292,0.260
GYRO: 122593,1,0.580,-1.433,-0.137
GYRO: 123094,1,0.183,-1.494,0.168
GYRO: 123601,1,0.549,-1.693,0.076
GYRO: 124096,1,-0.031,-0.273,-0.214
GYRO: 124598,1,-0.397,1.193,0.015
GYRO: 125099,1,0.198,4.567,-0.412
GYRO: 125601,1,-0.214,0.841,0.015
GYRO: 126102,1,0.534,1.986,-0.351
GYRO: 126603,1,0.610,0.628,0.275
GYRO: 127104,1,0.778,-1.418,0.229
GYRO: 127606,1,0.366,1.162,0.031
GYRO: 128108,1,0.351,1.574,-0.458
GYRO: 128610,1,-0.031,3.681,-0.198
GYRO: 129116,1,0.015,1.880,0.214
GYRO: 129613,1,0.198,0.567,0.153
GYRO: 130114,1,-0.122,0.689,0.504
GYRO: 130616,1,0.366,-0.670,0.137
GYRO: 131117,1,0.152,-1.388,-0.153
GYRO: 131619,1,0.091,-2.746,0.183
GYRO: 132123,1,0.122,0.796,0.000
GYRO: 132624,1,0.122,-1.830,0.000
GYRO: 133125,1,0.687,-2.075,-0.092
GYRO: 133627,1,-0.092,-5.357,0.260
GYRO: 134127,1,0.366,0.261,-0.046
GYRO: 134634,1,0.473,2.170,-0.489
GYRO: 135130,1,0.274,2.765,0.076
GYRO: 135632,1,-0.077,-0.502,0.473
GYRO: 136134,1,0.748,-0.120,0.061
GYRO: 136636,1,0.351,-3.479,0.214
GYRO: 137138,1,0.030,-4.701,0.015
GYRO: 137640,1,-0.061,-1.693,0.244
GYRO: 138142,1,0.427,-2.151,0.153
GYRO: 138644,1,0.534,-1.769,0.321
GYRO: 139146,1,0.091,-0.197,0.015
GYRO: 139648,1,-0.016,0.261,0.046
GYRO: 140158,1,-0.245,4.521,-0.229
GYRO: 140655,1,0.809,5.086,-0.595
GYRO: 141157,1,0.458,3.391,-0.122
GYRO: 141658,1,0.885,3.513,-0.260
GYRO: 142160,1,-0.016,0.322,-0.031
GYRO: 142661,1,-0.153,-0.563,-0.122
GYRO: 143162,1,-0.092,-4.288,0.168
GYRO: 143663,1,0.259,-4.563,0.550
GYRO: 144165,1,0.626,-5.723,0.214
GYRO: 144666,1,0.381,-6.151,0.702
GYRO: 145168,1,0.626,-1.983,0.397
GYRO: 145682,1,0.229,1.406,0.000
GYRO: 146171,1,0.671,0.704,0.000
GYRO: 146674,1,0.213,-2.640,0.198
GYRO: 147176,1,0.015,-1.204,-0.092
GYRO: 147678,1,0.565,-0.181,0.198
GYRO: 148180,1,0.381,-0.426,-0.076
GYRO: 148681,1,-0.061,0.048,-0.061
GYRO: 149183,1,0.015,-0.563,-0.092
GYRO: 149685,1,0.259,0.918,-0.504
GYRO: 150187,1,0.427,-0.197,-0.076
GYRO: 150689,1,0.503,-0.563,0.137
GYRO: 151321,1,0.183,-0.609,0.031
GYRO: 151689,1,0.351,-0.472,0.214
GYRO: 152192,1,0.259,0.261,0.000
GYRO: 152693,1,0.565,0.170,-0.336
GYRO: 153195,1,-0.168,-0.120,0.092
GYRO: 153697,1,0.549,-0.151,-0.061
GYRO: 154198,1,0.427,0.139,-0.061
GYRO: 154699,1,0.488,-0.975,-0.031
GYRO: 155202,1,0.137,-0.899,0.000
GYRO: 155703,1,0.091,0.567,-0.076
GYRO: 156203,1,0.916,-0.456,-0.061
GYRO: 156710,1,0.351,0.139,0.046
GYRO: 157206,1,-0.016,0.231,0.046
GYRO: 157707,1,0.610,-0.548,0.153
GYRO: 158209,1,0.565,0.399,0.260
GYRO: 158711,1,0.122,-2.166,-0.092
GYRO: 159212,1,0.565,-1.723,0.061
GYRO: 159714,1,-0.168,-1.830,0.580
GYRO: 160215,1,0.412,-0.075,-0.183
GYRO: 160716,1,0.274,-0.884,0.031
GYRO: 161221,1,0.305,0.460,0.183
GYRO: 161721,1,-0.000,-0.456,0.061
GYRO: 162227,1,0.274,-1.830,0.076
GYRO: 162724,1,0.229,0.048,-0.183
GYRO: 163224,1,0.381,3.055,0.351
GYRO: 163726,1,-0.061,0.154,-0.137
GYRO: 164227,1,0.061,-2.120,0.153
GYRO: 164729,1,0.152,-2.746,0.550
GYRO: 165230,1,0.183,-1.052,0.107
GYRO: 165732,1,0.580,-0.975,0.305
GYRO: 166232,1,0.732,0.964,-0.427
GYRO: 166734,1,0.397,-0.685,-0.076
GYRO: 167235,1,0.855,-0.991,0.489
GYRO: 167742,1,-0.016,-0.075,-0.840
GYRO: 168237,1,0.519,-4.746,-0.137
GYRO: 168739,1,2.702,-7.556,0.061
GYRO: 169239,1,-0.092,2.597,-0.595
GYRO: 169741,1,0.183,-4.441,0.550
GYRO: 170242,1,0.305,-0.762,-0.092
GYRO: 170744,1,0.183,2.551,-0.458
GYRO: 171246,1,0.030,-0.578,-0.214
GYRO: 171747,1,-0.061,-1.556,0.092
GYRO: 172249,1,0.549,-0.365,-0.611
GYRO: 172750,1,-0.000,-0.365,0.244
GYRO: 173257,1,0.244,0.170,0.107
GYRO: 173754,1,0.534,-0.380,-0.244
GYRO: 174256,1,0.641,-0.334,0.061
GYRO: 174757,1,0.076,-0.838,0.198
GYRO: 175258,1,-0.092,0.032,0.443
GYRO: 175760,1,-0.184,-0.884,0.244
GYRO: 176263,1,0.458,-0.288,0.031
GYRO: 176762,1,0.992,0.292,-0.031
GYRO: 177264,1,-0.061,-0.869,0.168
GYRO: 177765,1,0.229,0.551,0.290
GYRO: 178267,1,0.412,-0.472,-0.015
GYRO: 178774,1,0.503,-0.853,-0.031
GYRO: 179271,1,0.458,0.215,0.198
GYRO: 179772,1,0.229,-0.334,-0.076
GYRO: 180274,1,-0.168,0.002,-0.015
GYRO: 180775,1,0.107,-0.823,-0.153
GYRO: 181277,1,0.336,-0.472,-0.031
GYRO: 181778,1,0.519,0.353,0.046
GYRO: 182279,1,0.336,-0.227,0.000
GYRO: 182781,1,0.595,0.307,0.000
GYRO: 183282,1,0.336,-0.380,0.061
GYRO: 183783,1,0.488,1.101,-0.137
GYRO: 184290,1,0.336,-0.075,-0.183
GYRO: 184790,1,0.290,-0.411,0.046
GYRO: 185291,1,0.198,0.383,-0.321
GYRO: 185792,1,-0.000,-0.930,0.229
GYRO: 186293,1,0.213,-0.029,0.153
GYRO: 186794,1,0.152,0.124,0.076
GYRO: 187296,1,0.213,-0.090,-0.214
GYRO: 187796,1,-0.000,-0.151,-0.076
GYRO: 188298,1,0.213,-0.884,-0.198
GYRO: 188798,1,0.656,0.017,-0.168
GYRO: 189300,1,-0.061,-0.197,0.122
GYRO: 189808,1,0.702,0.414,0.092
GYRO: 190302,1,0.351,0.597,0.031
GYRO: 190803,1,0.717,-0.777,0.061
GYRO: 191304,1,0.626,0.521,-0.427
GYRO: 191811,1,0.015,0.170,0.168
GYRO: 192307,1,0.366,-0.502,0.031
GYRO: 192809,1,0.152,0.261,0.244
GYRO: 193311,1,0.122,-0.472,-0.168
GYRO: 193812,1,0.656,0.139,-0.061
GYRO: 194313,1,0.152,0.154,-0.046
GYRO: 194815,1,0.458,-0.533,0.214
GYRO: 195446,1,0.473,0.017,0.031
GYRO: 195814,1,0.565,0.414,-0.290
GYRO: 196316,1,0.442,0.399,-0.092
GYRO: 196817,1,0.488,-0.136,0.107
GYRO: 197319,1,0.519,-0.059,-0.107
GYRO: 197820,1,0.366,-0.273,0.076
GYRO: 198321,1,0.565,-0.349,0.061
GYRO: 198822,1,0.442,-0.090,0.198
GYRO: 199324,1,0.488,-0.319,0.046
GYRO: 199825,1,0.091,0.002,-0.534
GYRO: 200327,1,-0.107,-0.426,0.229
GYRO: 200834,1,0.305,-0.166,0.153
GYRO: 201331,1,0.290,-0.426,0.137
GYRO: 201833,1,0.595,0.338,-0.076
GYRO: 202335,1,0.671,-0.594,0.092
GYRO: 202837,1,0.259,-0.395,-0.198
GYRO: 203338,1,-0.184,-0.304,-0.580
GYRO: 203841,1,0.778,-0.075,-0.168
GYRO: 204341,1,0.565,-0.456,0.275
GYRO: 204843,1,0.488,0.154,0.076
GYRO: 205344,1,0.320,-0.090,-0.137
GYRO: 205846,1,0.458,-0.472,-0.198
GYRO: 206354,1,0.534,0.215,0.015
GYRO: 206855,1,0.274,0.017,0.260
GYRO: 207351,1,0.626,0.002,0.076
GYRO: 207853,1,0.503,-0.197,-0.214
GYRO: 208354,1,0.748,0.429,0.015
GYRO: 208856,1,0.565,-0.411,0.122
GYRO: 209357,1,0.091,-0.411,-0.076
GYRO: 209859,1,0.412,-0.044,-0.122
GYRO: 210360,1,0.855,0.109,0.000
GYRO: 210862,1,0.229,-0.075,-0.046
GYRO: 211363,1,0.351,-0.380,0.366
GYRO: 211870,1,0.122,-0.441,0.107
GYRO: 212366,1,0.366,-0.166,-0.168
GYRO: 212868,1,0.168,-0.227,0.183
GYRO: 213369,1,0.168,-0.136,0.183
GYRO: 213871,1,0.488,-0.441,-0.107
GYRO: 214372,1,0.732,-1.006,-0.183
GYRO: 214875,1,0.045,0.658,-0.382
GYRO: 215376,1,0.442,0.261,-0.168
GYRO: 215878,1,0.076,-1.464,0.580
GYRO: 216379,1,0.122,0.444,0.061
GYRO: 216880,1,0.076,-0.258,0.061
GYRO: 217387,1,0.473,-0.884,0.046
GYRO: 217884,1,-0.168,0.796,-0.092
GYRO: 218385,1,0.442,-1.815,0.107
GYRO: 218887,1,0.809,1.101,-0.198
GYRO: 219388,1,0.778,1.131,-0.153
GYRO: 219889,1,1.007,-1.311,0.443
GYRO: 220390,1,0.366,1.070,-0.015
GYRO: 220892,1,0.336,-2.181,-0.489
GYRO: 221394,1,0.580,0.841,-0.061
GYRO: 221895,1,0.274,-1.220,0.168
GYRO: 222400,1,0.259,-0.869,-0.229
GYRO: 222904,1,0.030,0.048,-0.031
GYRO: 223399,1,0.580,0.841,-0.443
GYRO: 223901,1,0.107,1.452,-0.992
GYRO: 224402,1,0.778,-0.151,0.305
GYRO: 224904,1,0.061,-0.090,0.046
GYRO: 225405,1,0.442,0.567,-0.519
GYRO: 225908,1,0.626,0.490,-0.107
GYRO: 226409,1,0.503,-0.807,-0.168
GYRO: 226910,1,0.580,0.811,-0.229
GYRO: 227411,1,0.794,-0.136,0.580
GYRO: 227913,1,0.656,-1.265,-0.107
GYRO: 228421,1,0.503,-0.090,-0.382
GYRO: 228919,1,0.244,-0.411,-0.412
GYRO: 229419,1,0.244,-0.120,0.260
GYRO: 229920,1,0.778,-0.029,-0.137
GYRO: 230422,1,0.778,0.719,-0.137
GYRO: 230930,1,0.305,-1.739,0.046
GYRO: 231425,1,0.213,0.765,-0.061
GYRO: 231926,1,0.534,0.719,0.565
GYRO: 232427,1,0.702,-0.273,-0.183
GYRO: 232929,1,0.397,1.177,-0.458
GYRO: 233433,1,0.381,-1.204,-0.397
GYRO: 233940,1,0.076,0.109,0.595
GYRO: 234434,1,0.641,-0.853,-0.183
GYRO: 234937,1,0.137,0.215,0.153
GYRO: 235439,1,0.381,-0.365,-0.290
GYRO: 235941,1,0.137,-0.487,0.183
GYRO: 236448,1,0.442,-0.487,0.244
GYRO: 236944,1,0.198,1.696,-0.550
GYRO: 237448,1,0.839,-1.785,0.214
GYRO: 237947,1,-0.000,0.689,0.351
GYRO: 238448,1,-0.153,-0.334,-0.092
GYRO: 238950,1,0.122,-1.082,0.198
GYRO: 239581,1,0.320,0.490,-0.382
GYRO: 239950,1,0.610,-1.052,-0.031
GYRO: 240452,1,0.244,0.506,-0.489
GYRO: 240954,1,0.473,-0.273,-0.092
GYRO: 241456,1,0.259,-1.204,-0.214
GYRO: 241961,1,0.473,0.948,-0.061
GYRO: 242457,1,0.809,-0.991,0.107
GYRO: 242960,1,0.259,0.246,0.076
GYRO: 243460,1,0.122,-1.311,-0.198
GYRO: 243961,1,0.824,1.101,-0.519
GYRO: 244464,1,0.290,-0.792,0.153
GYRO: 244971,1,0.412,0.383,0.061
GYRO: 245467,1,0.565,1.086,-0.031
GYRO: 245968,1,0.336,-1.494,-0.015
GYRO: 246470,1,0.061,0.628,-0.015
GYRO: 246971,1,0.183,0.597,-0.107
GYRO: 247477,1,0.397,-0.731,0.076
GYRO: 247974,1,0.122,0.902,-0.214
GYRO: 248475,1,0.366,-1.036,-0.076
GYRO: 248976,1,0.198,-0.059,0.046
GYRO: 249478,1,0.549,0.368,-0.153
GYRO: 249979,1,0.870,0.078,0.305
GYRO: 250486,1,0.519,0.185,0.046
GYRO: 250983,1,0.244,0.154,-0.122
GYRO: 251484,1,0.336,0.139,-0.260
GYRO: 251985,1,0.641,0.322,-0.061
GYRO: 252487,1,0.824,-0.441,-0.336
GYRO: 252999,1,0.259,-0.380,-0.122
GYRO: 253491,1,0.580,-0.212,-0.824
GYRO: 253992,1,0.473,-1.418,0.076
GYRO: 254494,1,0.595,0.796,-0.534
GYRO: 254996,1,0.305,1.712,-0.351
GYRO: 255498,1,0.610,-2.945,-0.198
GYRO: 256005,1,0.091,2.231,0.153
GYRO: 256500,1,0.656,-0.731,0.321
GYRO: 257002,1,0.213,-0.578,-0.198
GYRO: 257504,1,0.168,-0.273,0.061
GYRO: 258005,1,-0.031,0.032,-0.015
GYRO: 258512,1,0.351,-0.365,-0.168
GYRO: 259009,1,0.732,-0.517,-0.275
GYRO: 259510,1,0.778,-0.517,-0.214
GYRO: 260012,1,0.427,0.383,0.214
GYRO: 260514,1,0.427,-0.563,-0.412
GYRO: 261015,1,0.916,0.093,0.046
GYRO: 261521,1,0.671,-0.258,-0.168
GYRO: 262018,1,0.458,0.261,-0.305
GYRO: 262520,1,0.427,-0.548,0.137
GYRO: 263021,1,0.305,0.017,-0.305
GYRO: 263523,1,0.290,0.093,-0.153
GYRO: 264029,1,0.488,-0.624,0.122
GYRO: 264527,1,0.809,0.078,0.015
GYRO: 265028,1,0.778,-0.243,-0.229
GYRO: 265530,1,0.259,-0.517,0.351
GYRO: 266032,1,0.183,0.750,0.015
GYRO: 266534,1,0.305,-0.578,0.260
GYRO: 267041,1,0.427,-0.594,-0.076
GYRO: 267536,1,0.397,0.689,-0.031
GYRO: 268038,1,0.671,-0.899,0.168
GYRO: 268539,1,0.870,-0.075,0.000
GYRO: 269041,1,0.351,0.261,-0.168
GYRO: 269547,1,0.503,-0.914,-0.168
GYRO: 270044,1,0.565,0.429,-0.122
GYRO: 270546,1,0.442,0.322,-0.183
GYRO: 271047,1,0.381,-0.594,-0.031
GYRO: 271548,1,0.183,0.353,0.351
GYRO: 272049,1,0.427,0.429,0.015
GYRO: 272558,1,0.137,0.246,-0.198
GYRO: 273056,1,0.351,-0.044,0.351
GYRO: 273558,1,0.488,-0.441,-0.107
GYRO: 274059,1,0.320,0.017,0.092
GYRO: 274560,1,0.305,0.231,-0.214
GYRO: 275069,1,0.763,0.429,0.168
GYRO: 275565,1,0.809,-2.594,0.641
GYRO: 276066,1,0.534,1.559,-0.092
GYRO: 276567,1,0.717,-1.388,0.076
GYRO: 277068,1,0.595,0.338,-0.229
GYRO: 277569,1,0.030,0.780,-0.260
GYRO: 278077,1,0.183,-1.464,-0.168
GYRO: 278571,1,0.351,1.193,-0.092
GYRO: 279072,1,0.152,-0.136,0.031
GYRO: 279573,1,0.381,-0.701,-0.015
GYRO: 280074,1,0.641,0.277,-0.275
GYRO: 280582,1,0.412,-0.105,-0.015
GYRO: 281077,1,0.702,-0.578,-0.076
GYRO: 281578,1,0.549,-0.105,-0.382
GYRO: 282079,1,0.595,-0.258,0.000
GYRO: 282581,1,-0.031,-0.075,-0.122
GYRO: 283083,1,-0.031,0.322,-0.336
GYRO: 283710,1,0.336,-1.098,-0.275
GYRO: 284084,1,0.381,-0.166,0.183
GYRO: 284584,1,0.641,0.048,-0.076
GYRO: 285086,1,0.580,-0.640,0.214
GYRO: 285589,1,0.580,-0.075,-0.076
GYRO: 286108,1,0.488,-0.059,-0.061
GYRO: 286592,1,0.122,-0.059,0.137
GYRO: 287094,1,0.030,0.093,-0.183
GYRO: 287594,1,0.030,-0.609,0.092
GYRO: 288096,1,0.458,0.383,0.168
GYRO: 288599,1,0.656,-0.670,-0.076
GYRO: 289102,1,-0.092,-0.090,0.290
GYRO: 289603,1,0.397,-0.563,0.046
GYRO: 290104,1,0.458,-0.914,0.122
GYRO: 290605,1,0.458,0.506,0.046
GYRO: 291107,1,0.885,0.383,0.092
GYRO: 291614,1,0.641,-0.823,-0.214
GYRO: 292111,1,0.549,0.078,-0.534
GYRO: 292613,1,0.565,-0.884,0.137
GYRO: 293114,1,0.778,-0.243,0.061
GYRO: 293616,1,0.732,0.078,-0.076
GYRO: 294117,1,-0.000,-0.701,0.336
GYRO: 294619,1,0.778,0.902,0.092
GYRO: 295121,1,0.656,-0.807,-0.061
GYRO: 295621,1,0.656,0.048,0.031
GYRO: 296122,1,0.458,-0.288,-0.076
GYRO: 296624,1,0.397,-0.319,-0.137
GYRO: 297131,1,0.687,0.338,-0.168
GYRO: 297627,1,0.565,0.246,0.214
GYRO: 298128,1,0.809,-0.319,0.198
GYRO: 298630,1,0.336,-1.265,0.397
GYRO: 299132,1,0.045,1.162,-0.107
GYRO: 299634,1,0.488,-0.578,-0.382
GYRO: 300135,1,0.519,-0.181,0.443
GYRO: 300637,1,0.519,0.383,-0.122
GYRO: 301138,1,0.290,-0.853,-0.244
GYRO: 301640,1,0.565,-0.151,0.336
GYRO: 302142,1,0.458,0.460,0.244
GYRO: 302649,1,0.732,0.017,0.168
GYRO: 303145,1,0.259,-0.151,0.046
GYRO: 303647,1,0.717,0.093,-0.183
GYRO: 304149,1,0.229,-0.166,-0.107
GYRO: 304651,1,0.702,-0.105,-0.031
GYRO: 305152,1,0.534,0.124,-0.443
GYRO: 305655,1,0.198,0.124,0.092
GYRO: 306156,1,0.122,-1.067,0.107
GYRO: 306657,1,0.656,0.338,-0.031
GYRO: 307158,1,0.213,-0.487,0.168
GYRO: 307660,1,0.412,0.353,-0.046
GYRO: 308167,1,0.305,-0.319,-0.153
GYRO: 308663,1,0.778,-0.624,-0.214
GYRO: 309164,1,0.580,-0.533,-0.061
GYRO: 309666,1,0.198,-0.640,0.046
GYRO: 310167,1,0.565,0.215,-0.260
GYRO: 310668,1,0.748,-0.853,0.122
GYRO: 311169,1,1.053,-0.212,-0.046
GYRO: 311671,1,0.824,0.521,-0.214
GYRO: 312172,1,0.168,-0.838,0.000
GYRO: 312674,1,0.366,0.002,0.183
GYRO: 313176,1,0.412,-0.380,0.076
GYRO: 313683,1,0.565,-0.655,-0.061
GYRO: 314185,1,0.809,0.231,-0.061
GYRO: 314681,1,0.610,-0.212,-0.336
GYRO: 315183,1,0.702,-0.411,0.366
GYRO: 315684,1,0.778,-0.487,-0.260
GYRO: 316186,1,0.366,0.429,-0.290
GYRO: 316689,1,0.565,0.338,0.031
GYRO: 317190,1,0.045,-0.029,-0.397
GYRO: 317692,1,0.732,0.261,-0.351
GYRO: 318194,1,0.412,-0.395,-0.244
GYRO: 318696,1,0.442,0.063,-0.031
GYRO: 319206,1,0.473,0.689,-0.137
GYRO: 319699,1,0.519,-1.678,-0.137
GYRO: 320201,1,0.122,0.628,-0.366
GYRO: 320703,1,0.534,-0.273,-0.137
GYRO: 321204,1,0.656,-1.113,0.504
GYRO: 321705,1,0.412,1.467,0.061
GYRO: 322207,1,0.259,-1.342,0.305
GYRO: 322708,1,0.152,0.353,0.244
GYRO: 323208,1,0.473,0.017,0.214
GYRO: 323709,1,0.565,-0.899,0.214
GYRO: 324211,1,0.824,-0.411,-0.122
GYRO: 324720,1,0.702,0.109,-0.076
GYRO: 325213,1,0.290,0.124,-0.092
GYRO: 325716,1,0.824,-0.655,0.122
GYRO: 326216,1,0.427,-0.395,0.122
GYRO: 326717,1,0.977,0.368,0.260
GYRO: 327220,1,0.274,-0.624,0.076
GYRO: 327891,1,0.473,-0.288,0.198
GYRO: 328219,1,0.839,0.643,0.153
GYRO: 328720,1,0.336,0.093,-0.275
GYRO: 329225,1,0.519,-0.716,-0.137
GYRO: 329727,1,0.488,-0.120,-0.290
GYRO: 330230,1,0.503,-0.258,-0.061
GYRO: 330727,1,0.488,-0.472,-0.031
GYRO: 331228,1,0.305,0.063,-0.137
GYRO: 331731,1,0.076,-0.594,0.244
GYRO: 332232,1,0.412,-0.517,0.305
GYRO: 332733,1,0.794,-0.746,-0.122
GYRO: 333235,1,1.007,-0.227,0.244
GYRO: 333736,1,0.488,0.170,0.260
GYRO: 334238,1,0.549,0.048,-0.275
GYRO: 334740,1,0.366,-0.243,-0.076
GYRO: 335242,1,0.702,-0.044,0.107
GYRO: 335749,1,0.351,-0.334,-0.198
GYRO: 336244,1,-0.016,0.368,-0.214
GYRO: 336745,1,0.580,-0.487,-0.214
GYRO: 337246,1,0.473,0.078,-0.275
GYRO: 337748,1,0.839,-0.578,-0.092
GYRO: 338249,1,0.442,-0.059,0.092
GYRO: 338751,1,0.565,-0.441,0.122
GYRO: 339252,1,0.320,0.231,-0.046
GYRO: 339754,1,0.610,-1.265,-0.061
GYRO: 340255,1,0.671,-0.105,0.168
GYRO: 340757,1,0.565,0.887,-0.321
GYRO: 341264,1,0.534,-0.319,0.107
GYRO: 341759,1,0.076,-1.098,-0.153
GYRO: 342260,1,0.305,-0.319,0.107
GYRO: 342761,1,0.626,-0.365,0.122
GYRO: 343262,1,0.626,-0.517,-0.107
GYRO: 343764,1,0.839,-0.105,0.214
GYRO: 344266,1,0.351,-0.365,0.229
GYRO: 344771,1,0.488,1.131,-0.061
GYRO: 345271,1,0.671,-0.105,-0.443
GYRO: 345771,1,0.519,1.223,0.351
GYRO: 346274,1,0.595,-0.853,0.305
GYRO: 346782,1,1.175,-0.365,-0.244
GYRO: 347278,1,0.534,0.124,0.183
GYRO: 347779,1,0.427,-0.838,-0.351
GYRO: 348282,1,0.198,-0.411,0.092
GYRO: 348784,1,0.366,0.673,0.137
GYRO: 349285,1,0.274,0.307,0.015
GYRO: 349786,1,0.427,-0.426,-0.260
GYRO: 350289,1,0.366,0.246,0.153
GYRO: 350791,1,0.168,-0.456,-0.305
GYRO: 351292,1,0.687,0.964,-0.107
GYRO: 351794,1,0.488,-0.594,0.229
GYRO: 352300,1,0.290,-0.273,0.290
GYRO: 352796,1,0.381,0.124,-0.046
GYRO: 353297,1,-0.077,-0.258,-0.305
GYRO: 353799,1,0.916,0.109,-0.183
GYRO: 354300,1,0.213,-0.716,-0.412
GYRO: 354800,1,0.702,0.338,0.092
GYRO: 355302,1,0.351,-0.243,-0.107
GYRO: 355803,1,0.412,-0.044,-0.153
GYRO: 356303,1,0.794,-0.349,-0.305
GYRO: 356805,1,0.427,-0.120,-0.351
GYRO: 357306,1,0.824,-0.487,-0.305
GYRO: 357814,1,1.038,0.170,0.275
GYRO: 358309,1,0.442,0.841,0.824
GYRO: 358811,1,0.794,-6.426,0.412
GYRO: 359312,1,0.351,8.048,-0.229
GYRO: 359814,1,1.053,-0.640,0.076
GYRO: 360322,1,0.107,-0.945,-0.702
GYRO: 360820,1,0.458,-2.884,0.336
GYRO: 361322,1,-0.092,2.964,-0.336
GYRO: 361824,1,0.748,-1.433,-0.260
GYRO: 362324,1,0.458,-0.059,0.061
GYRO: 362826,1,0.717,0.383,-0.137
GYRO: 363334,1,0.076,-1.113,0.000
GYRO: 363828,1,0.626,0.292,0.214
GYRO: 364328,1,0.137,0.139,0.153
GYRO: 364830,1,0.534,-2.243,0.076
GYRO: 365331,1,0.977,-0.090,0.382
GYRO: 365832,1,0.580,-0.502,-0.290
GYRO: 366339,1,0.717,-0.777,-0.427
GYRO: 366835,1,0.778,0.170,-0.076
GYRO: 367335,1,0.427,-0.227,-0.076
GYRO: 367837,1,0.702,-0.029,-0.260
GYRO: 368337,1,0.458,1.528,-0.122
GYRO: 368839,1,0.946,-0.853,0.137
GYRO: 369340,1,0.427,-0.533,0.015
GYRO: 369842,1,0.274,-0.181,0.260
GYRO: 370342,1,1.007,-1.006,-0.092
GYRO: 370844,1,0.641,-0.304,-0.153
GYRO: 371344,1,0.900,-0.197,0.214
GYRO: 371977,1,0.519,0.887,0.153
GYRO: 372344,1,0.824,-1.678,-0.198
GYRO: 372845,1,0.305,-0.243,0.031
GYRO: 373348,1,0.259,0.735,-0.015
GYRO: 373849,1,0.442,0.735,0.214
GYRO: 374352,1,0.641,-0.472,-0.061
GYRO: 374852,1,0.198,0.811,-0.092
GYRO: 375355,1,0.381,-0.472,0.260
GYRO: 375854,1,0.503,-0.472,-0.290
GYRO: 376355,1,0.412,0.322,-0.366
GYRO: 376856,1,0.962,-0.578,0.137
GYRO: 377365,1,0.916,-0.487,0.198
GYRO: 377860,1,0.687,0.460,0.473
GYRO: 378362,1,0.381,0.017,0.061
GYRO: 378863,1,0.977,1.147,0.290
GYRO: 379364,1,0.320,-0.716,-0.061
GYRO: 379865,1,0.809,-0.319,0.214
GYRO: 380366,1,0.397,-0.731,-0.427
GYRO: 380867,1,0.824,0.399,-0.290
GYRO: 381369,1,0.336,-0.655,-0.397
GYRO: 381871,1,0.397,-0.945,-0.290
GYRO: 382373,1,0.366,0.032,0.122
GYRO: 382880,1,0.992,0.109,-0.244
GYRO: 383375,1,0.824,-1.006,-0.046
GYRO: 383876,1,0.488,-0.655,-0.198
GYRO: 384378,1,0.213,0.429,-0.061
GYRO: 384879,1,0.397,-1.189,-0.122
GYRO: 385380,1,0.732,0.887,-0.061
GYRO: 385882,1,-0.107,-0.670,0.031
GYRO: 386384,1,1.023,-0.823,0.168
GYRO: 386885,1,0.320,-0.197,-0.046
GYRO: 387387,1,0.488,0.857,0.046
GYRO: 387888,1,0.824,-0.411,-0.244
GYRO: 388395,1,0.931,0.353,-0.473
GYRO: 388892,1,0.687,-0.426,0.214
GYRO: 389394,1,0.229,0.109,0.168
GYRO: 389896,1,0.336,-1.494,0.244
GYRO: 390397,1,0.168,0.994,-0.153
GYRO: 390905,1,0.855,0.353,-0.015
GYRO: 391405,1,0.427,0.490,-0.260
GYRO: 391904,1,0.870,0.124,-0.321
GYRO: 392406,1,0.641,-0.624,-0.183
GYRO: 392907,1,0.641,-0.456,-0.260
GYRO: 393409,1,0.091,0.475,-0.214
GYRO: 393916,1,0.519,-0.624,-0.015
GYRO: 394412,1,0.336,-0.823,-0.046
GYRO: 394913,1,0.458,-0.380,-0.305
GYRO: 395415,1,0.381,-0.701,-0.275
GYRO: 395916,1,0.274,-0.395,-0.183
GYRO: 396418,1,0.503,-0.212,-0.321
GYRO: 396923,1,0.778,-0.548,-0.336
GYRO: 397420,1,0.748,-0.044,0.015
GYRO: 397921,1,0.336,-0.853,-0.076
GYRO: 398423,1,1.099,-0.120,0.153
GYRO: 398924,1,0.503,0.597,0.198
GYRO: 399426,1,0.839,-1.036,0.305
GYRO: 399928,1,0.870,0.170,0.061
GYRO: 400429,1,0.962,0.765,-0.198
GYRO: 400931,1,0.977,-0.853,-0.107
GYRO: 401432,1,0.565,-1.311,0.290
GYRO: 401933,1,0.519,0.643,0.168
GYRO: 402439,1,0.916,-1.265,0.183
GYRO: 402937,1,0.748,-1.052,-0.504
GYRO: 403438,1,0.412,1.223,0.046
GYRO: 403939,1,0.900,-0.777,0.122
GYRO: 404441,1,0.641,-0.578,0.229
GYRO: 404942,1,0.213,-0.609,-0.076
GYRO: 405446,1,0.687,-0.349,-0.183
GYRO: 405948,1,0.946,-0.273,-0.015
GYRO: 406450,1,0.595,-1.494,0.122
GYRO: 406952,1,0.473,0.399,-0.229
GYRO: 407454,1,0.427,-0.746,0.397
GYRO: 407962,1,-0.199,0.078,-0.336
GYRO: 408457,1,0.412,-0.487,-0.122
GYRO: 408959,1,0.671,-0.075,-0.046
GYRO: 409460,1,0.458,-0.838,0.290
GYRO: 409962,1,0.412,-0.640,0.580
GYRO: 410462,1,1.038,-2.273,-0.015
GYRO: 410963,1,0.870,1.360,0.107
GYRO: 411464,1,0.366,0.429,-0.076
GYRO: 411967,1,0.397,-1.556,0.366
GYRO: 412467,1,0.107,0.857,0.305
GYRO: 412968,1,0.336,-0.426,0.504
GYRO: 413475,1,0.763,-0.059,0.092
GYRO: 413971,1,0.061,0.796,0.198
GYRO: 414472,1,0.732,-1.006,0.565
GYRO: 414973,1,0.962,-0.991,-0.137
GYRO: 415474,1,0.244,1.208,0.321
GYRO: 415975,1,0.152,0.521,-0.153
GYRO: 416652,1,0.412,-0.884,0.336
GYRO: 416976,1,0.442,-0.075,-0.092
GYRO: 417477,1,0.580,-0.273,0.000
GYRO: 417977,1,0.473,-0.533,0.092
GYRO: 418480,1,0.717,0.261,-0.168
GYRO: 418985,1,0.274,0.185,-0.244
GYRO: 419482,1,0.549,-0.899,0.168
GYRO: 419985,1,0.748,0.048,0.473
GYRO: 420485,1,0.366,0.139,0.229
GYRO: 420987,1,0.244,-1.082,0.305
GYRO: 421492,1,0.671,0.017,-0.198
GYRO: 421991,1,0.580,-0.792,-0.153
GYRO: 422492,1,0.183,-0.609,0.107
GYRO: 422993,1,0.473,0.261,0.107
GYRO: 423494,1,0.824,-1.403,0.382
GYRO: 423994,1,0.320,0.277,-0.137
GYRO: 424501,1,0.870,-0.838,0.412
GYRO: 424998,1,0.534,-0.197,-0.015
GYRO: 425500,1,0.488,1.284,0.076
GYRO: 426001,1,0.565,-2.120,0.092
GYRO: 426503,1,0.641,0.964,0.107
GYRO: 427003,1,0.748,0.414,-0.061
GYRO: 427506,1,0.397,-1.342,0.290
GYRO: 428008,1,0.305,0.353,0.031
GYRO: 428510,1,0.702,0.215,0.015
GYRO: 429011,1,0.916,-0.334,-0.015
GYRO: 429513,1,0.519,0.292,0.321
GYRO: 430019,1,0.717,-0.395,0.061
GYRO: 430515,1,0.503,0.185,-0.076
GYRO: 431016,1,0.381,0.658,0.000
GYRO: 431517,1,0.183,-0.945,-0.015
GYRO: 432019,1,0.687,1.712,0.046
GYRO: 432521,1,0.855,-0.930,-0.122
GYRO: 433022,1,0.519,-1.220,-0.214
GYRO: 433524,1,0.687,1.025,-0.076
GYRO: 434025,1,0.320,-0.334,-0.092
GYRO: 434526,1,0.809,-0.869,0.107
GYRO: 435028,1,0.534,0.261,0.183
GYRO: 435533,1,0.565,-1.143,0.244
GYRO: 436030,1,0.473,-0.395,0.076
GYRO: 436532,1,0.519,-0.838,0.122
GYRO: 437036,1,0.656,1.101,-0.031
GYRO: 437536,1,0.671,-1.403,0.107
GYRO: 438038,1,0.595,-0.762,-0.031
GYRO: 438539,1,-0.061,0.735,0.076
GYRO: 439041,1,0.763,-0.258,-0.305
GYRO: 439542,1,0.519,-0.349,0.107
GYRO: 440044,1,0.855,-0.014,0.122
GYRO: 440546,1,0.641,-0.670,0.290
GYRO: 441052,1,0.671,-0.014,0.000
GYRO: 441551,1,0.702,0.338,0.122
GYRO: 442051,1,0.152,0.002,0.122
GYRO: 442554,1,0.885,0.048,-0.107
GYRO: 443056,1,0.946,-0.227,-0.061
GYRO: 443558,1,0.671,-0.609,-0.137
GYRO: 444059,1,0.565,0.536,-0.366
GYRO: 444560,1,0.488,-0.487,0.046
GYRO: 445062,1,0.610,-0.227,-0.198
GYRO: 445564,1,0.427,-0.563,0.092
GYRO: 446064,1,0.473,-0.136,-0.137
GYRO: 446571,1,0.992,-0.197,-0.061
GYRO: 447069,1,0.885,-0.197,0.031
GYRO: 447571,1,0.351,0.139,0.000
GYRO: 448073,1,0.488,-0.685,0.000
GYRO: 448574,1,0.565,-0.609,-0.107
GYRO: 449076,1,0.351,0.048,-0.137
GYRO: 449579,1,0.626,-0.380,0.290
GYRO: 450082,1,0.778,-0.762,-0.015
GYRO: 450584,1,0.503,-0.120,0.092
GYRO: 451086,1,0.580,-0.517,0.443
GYRO: 451587,1,0.442,-0.670,-0.061
GYRO: 452098,1,0.885,0.063,0.244
GYRO: 452590,1,0.519,-0.105,-0.137
GYRO: 453091,1,0.503,-0.120,0.122
GYRO: 453592,1,0.381,-0.288,0.366
GYRO: 454093,1,0.259,-0.090,-0.076
GYRO: 454594,1,0.565,-0.059,0.076
GYRO: 455095,1,0.794,-0.533,0.321
GYRO: 455596,1,0.626,-0.029,-0.031
GYRO: 456098,1,0.534,-0.075,-0.076
GYRO: 456601,1,0.687,-0.105,0.443
GYRO: 457102,1,0.488,0.109,0.076
GYRO: 457609,1,0.565,0.048,-0.061
GYRO: 458104,1,0.336,0.078,0.092
GYRO: 458605,1,0.824,-0.365,0.000
GYRO: 459108,1,0.732,-0.136,0.092
GYRO: 459609,1,0.809,-0.227,0.031
GYRO: 460111,1,0.488,-0.014,-0.229
GYRO: 460783,1,0.595,-0.853,0.092
GYRO: 461109,1,0.503,-0.227,-0.214
GYRO: 461612,1,0.198,0.139,0.046
GYRO: 462113,1,0.442,-0.197,-0.061
GYRO: 462614,1,0.595,-0.288,0.214
GYRO: 463133,1,0.549,-0.258,0.107
GYRO: 463616,1,0.610,-0.227,0.198
GYRO: 464118,1,0.839,0.322,-0.168
GYRO: 464620,1,0.717,0.109,-0.183
GYRO: 465122,1,0.656,-0.380,-0.137
GYRO: 465622,1,0.458,-0.044,0.198
GYRO: 466125,1,0.824,-0.349,-0.168
GYRO: 466626,1,0.458,-0.151,0.076
GYRO: 467128,1,0.610,-0.731,-0.290
GYRO: 467630,1,0.992,0.154,0.290
GYRO: 468131,1,0.565,-0.548,0.000
GYRO: 468637,1,0.595,-0.365,-0.046
GYRO: 469133,1,0.595,-0.075,-0.168
GYRO: 469635,1,0.412,-0.411,-0.061
GYRO: 470136,1,0.565,-0.349,-0.183
GYRO: 470637,1,0.473,-0.304,0.137
GYRO: 471138,1,1.084,-0.136,-0.275
GYRO: 471639,1,0.732,0.048,0.000
GYRO: 472141,1,0.412,0.063,-0.046
GYRO: 472642,1,0.763,-0.365,0.092
GYRO: 473144,1,0.152,-0.120,-0.198
GYRO: 473644,1,0.855,-0.624,0.305
GYRO: 474150,1,0.626,-0.640,-0.290
GYRO: 474647,1,0.794,0.185,0.061
GYRO: 475149,1,0.244,-1.250,-0.214
GYRO: 475651,1,0.565,0.200,0.122
GYRO: 476153,1,0.549,-0.014,0.031
GYRO: 476654,1,0.442,-1.143,0.229
GYRO: 477158,1,0.397,-0.380,0.092
GYRO: 477658,1,0.763,0.063,-0.153
GYRO: 478160,1,0.732,-0.212,0.092
GYRO: 478662,1,0.916,-0.197,-0.229
GYRO: 479164,1,1.206,0.200,-0.153
GYRO: 479671,1,0.687,-0.273,0.214
GYRO: 480168,1,0.412,-0.258,0.015
GYRO: 480670,1,0.503,0.612,0.198
GYRO: 481172,1,0.320,-0.807,0.046
GYRO: 481674,1,0.519,0.063,-0.031
GYRO: 482176,1,0.916,-0.304,-0.107
GYRO: 482683,1,0.946,-0.243,0.122
GYRO: 483178,1,0.809,-0.212,0.275
GYRO: 483680,1,0.503,-0.044,-0.382
GYRO: 484182,1,0.412,-0.762,0.305
GYRO: 484683,1,0.839,-0.349,0.015
GYRO: 485189,1,0.855,-0.136,0.153
GYRO: 485685,1,1.129,-0.563,0.168
GYRO: 486187,1,0.656,-0.869,-0.550
GYRO: 486687,1,0.274,0.078,-0.244
GYRO: 487189,1,0.565,-0.716,-0.061
GYRO: 487691,1,0.748,-0.120,-0.137
GYRO: 488192,1,0.687,0.231,0.244
GYRO: 488694,1,0.656,-0.258,0.153
GYRO: 489196,1,0.427,0.200,-0.015
GYRO: 489698,1,0.442,-0.426,0.122
GYRO: 490200,1,0.503,-0.701,-0.122
GYRO: 490706,1,1.023,-0.059,0.122
GYRO: 491203,1,0.213,-0.304,-0.092
GYRO: 491704,1,0.595,-0.349,0.443
GYRO: 492206,1,0.336,0.567,0.031
GYRO: 492707,1,0.503,-0.762,0.198
GYRO: 493209,1,0.107,-0.166,0.061
GYRO: 493714,1,0.458,-0.044,0.198
GYRO: 494215,1,0.870,-1.327,0.183
GYRO: 494716,1,0.412,0.719,0.321
GYRO: 495219,1,0.397,-0.655,0.229
GYRO: 495721,1,0.458,-0.563,0.336
GYRO: 496229,1,0.381,0.353,-0.092
GYRO: 496724,1,0.656,-0.853,-0.015
GYRO: 497226,1,0.717,-0.640,0.015
GYRO: 497728,1,0.839,0.048,-0.031
GYRO: 498233,1,0.763,-0.456,0.031
GYRO: 498732,1,0.748,-0.426,0.198
GYRO: 499234,1,0.641,0.185,-0.366
GYRO: 499735,1,0.839,-1.052,0.137
GYRO: 500237,1,0.305,-0.029,0.168
GYRO: 500738,1,0.717,-0.624,0.275
GYRO: 501240,1,0.748,0.246,0.153
GYRO: 501747,1,0.748,-0.212,0.046
GYRO: 502241,1,0.458,-0.777,0.458
GYRO: 502742,1,0.748,-0.090,-0.015
GYRO: 503244,1,0.397,-0.380,0.137
GYRO: 503745,1,0.580,-0.059,0.321
GYRO: 504247,1,0.580,-0.319,-0.275
GYRO: 504917,1,0.702,-0.197,-0.031
GYRO: 505250,1,0.763,-0.365,0.076
GYRO: 505751,1,0.717,-0.624,0.153
GYRO: 506252,1,0.809,0.200,0.153
GYRO: 506755,1,0.565,-0.899,-0.183
GYRO: 507261,1,0.839,-0.197,0.000
GYRO: 507756,1,0.565,-0.197,-0.183
GYRO: 508257,1,0.732,-0.059,-0.137
GYRO: 508760,1,0.366,-0.838,0.229
GYRO: 509261,1,0.274,0.292,-0.153
GYRO: 509763,1,0.320,-0.120,-0.015
GYRO: 510266,1,0.336,-0.075,-0.137
GYRO: 510767,1,0.229,-0.502,0.031
GYRO: 511269,1,0.778,-0.487,0.092
GYRO: 511770,1,0.519,-0.273,-0.092
GYRO: 512272,1,0.977,-0.212,0.000
GYRO: 512777,1,0.839,-0.487,0.076
GYRO: 513277,1,0.549,0.124,0.137
GYRO: 513776,1,0.946,-0.426,-0.031
GYRO: 514277,1,1.007,-0.243,-0.076
GYRO: 514779,1,0.732,-0.258,0.321
GYRO: 515280,1,-0.000,0.032,-0.076
GYRO: 515781,1,0.839,-1.052,0.122
GYRO: 516282,1,0.519,-0.349,-0.031
GYRO: 516784,1,1.007,-0.517,0.290
GYRO: 517284,1,0.626,-0.120,0.214
GYRO: 517786,1,0.442,-0.563,-0.397
GYRO: 518293,1,0.473,0.063,0.473
GYRO: 518791,1,0.519,0.353,0.122
GYRO: 519291,1,0.595,0.139,-0.214
GYRO: 519794,1,0.687,-0.517,0.137
GYRO: 520296,1,0.336,0.124,-0.534
GYRO: 520798,1,0.748,0.215,0.183
GYRO: 521299,1,0.549,-0.288,-0.214
GYRO: 521799,1,0.794,-0.044,-0.351
GYRO: 522302,1,0.900,-0.746,0.183
GYRO: 522803,1,0.519,-0.227,0.046
GYRO: 523304,1,0.641,-0.411,-0.076
GYRO: 523810,1,1.099,-0.395,-0.336
GYRO: 524309,1,0.824,-0.044,0.305
GYRO: 524810,1,0.717,-0.411,0.031
GYRO: 525311,1,0.488,-0.609,-0.046
GYRO: 525813,1,0.412,-0.090,0.198
GYRO: 526314,1,0.931,-1.311,0.260
GYRO: 526815,1,0.626,0.093,-0.122
GYRO: 527316,1,0.397,-0.197,0.336
GYRO: 527816,1,0.381,-0.807,0.061
GYRO: 528318,1,0.839,-0.792,-0.092
GYRO: 528824,1,0.732,0.780,-0.061
GYRO: 529326,1,0.900,-0.349,0.031
GYRO: 529824,1,0.702,-0.502,-0.092
GYRO: 530325,1,0.900,0.582,-0.183
GYRO: 530826,1,0.610,-1.082,0.092
GYRO: 531327,1,0.992,-0.227,-0.107
GYRO: 531830,1,0.305,0.170,-0.153
GYRO: 532332,1,1.053,-1.235,-0.458
GYRO: 532833,1,0.717,-0.166,0.244
GYRO: 533334,1,1.038,0.231,-0.137
GYRO: 533835,1,0.977,-0.716,0.519
GYRO: 534336,1,0.931,-0.349,0.275
GYRO: 534843,1,0.519,-0.151,0.275
GYRO: 535340,1,0.442,-0.716,0.397
GYRO: 535842,1,0.748,0.170,0.061
GYRO: 536344,1,0.824,-0.701,0.275
GYRO: 536845,1,0.946,-0.777,0.183
GYRO: 537346,1,0.534,0.368,-0.244
GYRO: 537850,1,0.565,-0.166,0.183
GYRO: 538353,1,0.213,-0.044,0.351
GYRO: 538855,1,0.778,-0.365,-0.092
GYRO: 539356,1,0.946,-0.685,0.275
GYRO: 539857,1,0.687,0.048,0.000
GYRO: 540365,1,0.610,-0.319,0.076
GYRO: 540859,1,1.007,-1.052,0.290
GYRO: 541362,1,1.084,0.063,-0.412
GYRO: 541863,1,1.084,-0.166,-0.229
GYRO: 542365,1,0.824,-0.869,0.107
GYRO: 542866,1,0.900,-0.578,0.061
GYRO: 543368,1,0.671,0.735,0.046
GYRO: 543870,1,0.458,-2.212,0.290
GYRO: 544371,1,0.839,0.612,-0.321
GYRO: 544872,1,0.900,-0.869,0.000
GYRO: 545373,1,0.580,-0.136,0.046
GYRO: 545880,1,0.778,0.612,0.122
GYRO: 546375,1,0.519,-2.212,0.198
GYRO: 546877,1,0.671,0.826,0.473
GYRO: 547379,1,0.794,-0.548,-0.076
GYRO: 547880,1,0.549,0.460,-0.366
GYRO: 548381,1,0.885,-0.884,-0.031
GYRO: 549013,1,0.305,0.200,0.092
GYRO: 549380,1,0.671,-0.426,0.229
GYRO: 549881,1,0.809,-0.609,0.214
GYRO: 550384,1,0.595,-0.380,-0.153
GYRO: 550885,1,0.534,-0.059,-0.198
GYRO: 551390,1,0.595,0.078,0.244
GYRO: 551889,1,0.442,-0.533,-0.076
GYRO: 552389,1,0.534,-1.861,0.183
GYRO: 552891,1,0.259,0.460,-0.122
GYRO: 553392,1,0.336,-0.105,-0.031
GYRO: 553893,1,0.702,-0.884,0.122
GYRO: 554400,1,0.778,0.185,0.076
GYRO: 554898,1,0.855,-0.319,-0.015
GYRO: 555399,1,1.175,-0.517,-0.122
GYRO: 555900,1,0.641,0.719,0.214
GYRO: 556401,1,0.488,-0.426,-0.198
GYRO: 556903,1,0.366,-1.281,0.092
GYRO: 557405,1,0.366,-0.105,0.550
GYRO: 557907,1,0.824,-0.563,0.275
GYRO: 558408,1,0.962,-0.578,0.000
GYRO: 558910,1,0.702,0.322,-0.031
GYRO: 559417,1,0.855,-0.349,-0.153
GYRO: 559917,1,0.870,-0.517,0.214
GYRO: 560416,1,0.397,-1.159,-0.092
GYRO: 560916,1,0.732,0.124,0.031
GYRO: 561418,1,0.885,0.063,-0.321
GYRO: 561919,1,0.671,-0.716,-0.244
GYRO: 562420,1,0.183,-0.624,0.168
GYRO: 562922,1,0.458,-0.441,-0.092
GYRO: 563424,1,0.397,-0.716,-0.153
GYRO: 563924,1,0.641,0.796,-0.336
GYRO: 564426,1,0.855,-1.067,0.092
GYRO: 564927,1,0.870,-0.685,0.153
GYRO: 565433,1,0.855,-0.227,0.504
GYRO: 565930,1,0.794,0.139,0.366
GYRO: 566431,1,0.809,-0.517,-0.244
GYRO: 566932,1,0.412,0.322,-0.015
GYRO: 567433,1,1.053,-0.212,0.000
GYRO: 567934,1,0.549,-0.319,-0.107
GYRO: 568436,1,0.610,-0.090,0.214
GYRO: 568938,1,0.458,-1.082,-0.122
GYRO: 569440,1,0.839,-0.349,0.137
GYRO: 569942,1,0.717,0.231,-0.382
GYRO: 570443,1,0.900,-0.670,0.061
GYRO: 570948,1,0.855,-0.716,-0.031
GYRO: 571446,1,0.931,0.002,0.244
GYRO: 571947,1,1.068,-0.731,0.046
GYRO: 572449,1,0.534,-0.151,0.000
GYRO: 572949,1,0.488,0.200,0.015
GYRO: 573451,1,0.687,-0.807,0.046
GYRO: 573952,1,0.580,-0.441,0.076
GYRO: 574454,1,1.007,-0.655,0.061
GYRO: 574955,1,0.641,-0.655,0.000
GYRO: 575457,1,0.992,-0.273,-0.351
GYRO: 575959,1,0.778,-0.227,0.305
GYRO: 576465,1,0.855,-0.212,0.046
GYRO: 576963,1,0.671,0.063,-0.092
GYRO: 577463,1,0.702,0.154,-0.046
GYRO: 577965,1,0.931,-0.166,-0.214
GYRO: 578467,1,0.671,-0.120,-0.092
GYRO: 578967,1,0.900,-0.609,0.137
GYRO: 579468,1,0.503,-0.716,0.076
GYRO: 579971,1,0.503,-0.578,0.061
GYRO: 580472,1,0.870,-0.349,-0.198
GYRO: 580974,1,0.946,-0.120,0.031
GYRO: 581476,1,0.549,0.490,-0.137
GYRO: 581986,1,0.534,-0.044,0.260
GYRO: 582483,1,0.458,-0.624,0.092
GYRO: 582985,1,0.534,-0.640,0.290
GYRO: 583486,1,0.687,-0.319,0.198
GYRO: 583988,1,0.580,0.246,-0.397
GYRO: 584490,1,1.053,0.078,0.031
GYRO: 584992,1,1.023,-0.212,-0.366
GYRO: 585494,1,0.763,0.078,0.229
GYRO: 585994,1,0.702,-0.075,0.168
GYRO: 586498,1,0.671,-0.151,0.092
GYRO: 586998,1,0.595,-0.701,0.137
GYRO: 587508,1,0.458,0.093,-0.366
GYRO: 588003,1,0.809,-0.502,-0.076
GYRO: 588503,1,0.778,-0.166,0.290
GYRO: 589005,1,0.412,-0.456,-0.198
GYRO: 589506,1,0.656,-0.105,0.092
GYRO: 590010,1,0.626,-0.746,0.153
GYRO: 590509,1,0.778,-0.380,0.076
GYRO: 591010,1,0.687,-0.380,0.031
GYRO: 591512,1,0.503,-0.212,0.153
GYRO: 592012,1,0.870,-0.563,-0.336
GYRO: 592514,1,0.534,0.215,0.107
GYRO: 593146,1,0.778,0.246,0.321
GYRO: 593516,1,0.916,-0.365,0.534
GYRO: 594017,1,0.763,-0.365,0.000
GYRO: 594519,1,1.099,-0.075,-0.076
GYRO: 595021,1,0.213,-0.212,-0.046
GYRO: 595522,1,0.687,-0.243,-0.168
GYRO: 596023,1,0.580,0.139,-0.076
GYRO: 596524,1,0.641,-0.288,-0.137
GYRO: 597027,1,1.053,-0.319,-0.137
GYRO: 597528,1,0.626,-0.151,-0.076
GYRO: 598029,1,0.748,-0.059,0.519
GYRO: 598535,1,0.534,-0.533,0.107
GYRO: 599032,1,0.839,-0.136,0.260
GYRO: 599534,1,0.473,-0.212,0.244
GYRO: 600035,1,0.656,-0.853,0.351
GYRO: 600537,1,0.503,-0.640,-0.107
GYRO: 601039,1,0.702,-0.014,-0.168
GYRO: 601540,1,0.381,-0.487,0.305
GYRO: 602042,1,1.038,0.017,0.229
GYRO: 602544,1,0.748,-0.365,0.229
GYRO: 603045,1,1.145,0.017,0.015
GYRO: 603547,1,0.168,-0.655,-0.031
GYRO: 604053,1,0.336,-1.723,-0.153
GYRO: 604550,1,0.656,-0.502,0.412
GYRO: 605052,1,0.885,-0.716,-0.076
GYRO: 605558,1,0.809,0.246,-0.046
GYRO: 606057,1,1.191,-0.548,0.366
GYRO: 606559,1,0.885,-0.533,-0.076
GYRO: 607060,1,0.656,0.048,0.107
GYRO: 607562,1,0.610,0.200,-0.092
GYRO: 608064,1,0.839,-1.159,0.321
GYRO: 608566,1,1.313,0.017,0.046
GYRO: 609068,1,0.687,-0.365,0.076
GYRO: 609574,1,1.053,-1.098,0.076
GYRO: 610072,1,0.763,0.444,0.076
GYRO: 610574,1,0.565,-0.609,0.107
GYRO: 611076,1,0.732,-0.044,0.183
GYRO: 611578,1,0.809,-0.029,0.244
GYRO: 612079,1,0.626,-1.067,0.122
GYRO: 612580,1,1.007,0.032,0.229
GYRO: 613082,1,0.855,-1.052,0.382
GYRO: 613584,1,1.145,0.353,0.244
GYRO: 614085,1,0.458,-0.395,0.168
GYRO: 614587,1,1.191,-0.792,0.153
GYRO: 615093,1,0.473,-0.273,-0.092
GYRO: 615590,1,1.023,0.078,0.214
GYRO: 616092,1,1.160,-0.517,-0.214
GYRO: 616594,1,0.534,-1.098,0.107
GYRO: 617095,1,0.839,0.277,-0.061
GYRO: 617597,1,0.992,-0.807,0.275
GYRO: 618105,1,0.839,-1.113,0.076
GYRO: 618600,1,0.916,-0.258,0.321
GYRO: 619102,1,0.946,-0.136,-0.015
GYRO: 619604,1,0.855,-0.197,-0.137
GYRO: 620105,1,0.946,-1.708,0.092
GYRO: 620614,1,0.809,-0.517,-0.290
GYRO: 621109,1,0.702,-1.082,0.473
GYRO: 621611,1,0.916,-0.212,-0.061
GYRO: 622113,1,1.068,0.567,0.000
GYRO: 622615,1,1.114,-0.762,0.000
GYRO: 623116,1,0.717,-0.517,-0.046
GYRO: 623624,1,1.084,0.322,0.092
GYRO: 624121,1,0.534,-0.334,0.168
GYRO: 624622,1,0.962,0.063,0.198
GYRO: 625124,1,0.641,-0.319,0.122
GYRO: 625626,1,0.336,0.002,0.000
GYRO: 626127,1,0.794,-0.166,0.321
GYRO: 626632,1,0.748,-0.120,0.076
GYRO: 627133,1,0.977,0.597,-0.550
GYRO: 627635,1,0.015,-1.250,-0.153
GYRO: 628136,1,0.610,0.002,-0.122
GYRO: 628638,1,0.671,0.170,0.107
GYRO: 629146,1,0.855,-0.441,0.122
GYRO: 629641,1,0.336,0.322,0.519
GYRO: 630142,1,0.580,-0.884,0.427
GYRO: 630643,1,0.732,0.719,0.015
GYRO: 631144,1,0.702,-1.159,-0.031
GYRO: 631646,1,0.794,0.429,-0.214
GYRO: 632148,1,0.656,-0.609,0.382
GYRO: 632649,1,0.794,-0.044,0.000
GYRO: 633150,1,0.885,-0.685,0.443
GYRO: 633651,1,0.473,0.444,-0.382
GYRO: 634152,1,0.366,0.383,-0.061
GYRO: 634661,1,1.007,-0.487,0.275
GYRO: 635155,1,0.549,0.643,-0.244
GYRO: 635656,1,0.366,-0.991,0.168
GYRO: 636162,1,1.282,-0.548,-0.061
GYRO: 636659,1,0.794,1.299,0.229
GYRO: 637160,1,0.824,0.154,-0.351
GYRO: 637827,1,0.580,-0.823,-0.183
GYRO: 638160,1,0.565,-1.082,0.244
GYRO: 638660,1,0.717,-0.930,-0.229
GYRO: 639162,1,1.129,-0.059,0.290
GYRO: 639663,1,1.160,-1.571,0.290
GYRO: 640182,1,0.900,0.643,0.229
GYRO: 640664,1,0.748,-1.250,-0.275
GYRO: 641166,1,0.778,-0.411,-0.107
GYRO: 641668,1,0.427,0.444,0.122
GYRO: 642169,1,0.503,-0.746,0.305
GYRO: 642671,1,0.748,-0.655,0.336
GYRO: 643174,1,1.007,-0.273,0.168
GYRO: 643677,1,0.259,-0.548,0.046
GYRO: 644179,1,1.099,-0.029,-0.076
GYRO: 644680,1,1.023,-0.807,-0.153
GYRO: 645180,1,0.626,-0.319,0.427
GYRO: 645687,1,0.519,0.444,-0.031
GYRO: 646183,1,0.366,-0.807,0.351
GYRO: 646684,1,0.626,-0.899,0.229
GYRO: 647185,1,0.595,-0.273,0.397
GYRO: 647686,1,0.656,-0.670,0.000
GYRO: 648189,1,1.068,-0.853,-0.122
GYRO: 648690,1,0.610,0.628,0.031
GYRO: 649190,1,1.007,-0.548,-0.336
GYRO: 649691,1,0.916,-0.869,-0.153
GYRO: 650192,1,1.038,-0.426,-0.153
GYRO: 650693,1,0.824,-0.334,-0.153
GYRO: 651206,1,0.641,-0.640,0.260
GYRO: 651697,1,0.763,-0.472,0.183
GYRO: 652199,1,0.900,-0.227,0.107
GYRO: 652700,1,1.053,-0.533,-0.214
GYRO: 653202,1,1.252,0.032,0.061
GYRO: 653703,1,1.389,0.765,0.122
GYRO: 654205,1,0.565,-0.563,-0.229
GYRO: 654706,1,0.931,-1.449,-0.137
GYRO: 655208,1,0.641,0.322,-0.168
GYRO: 655709,1,0.916,0.002,-0.122
GYRO: 656211,1,1.236,-0.914,0.321
GYRO: 656718,1,0.992,-0.197,0.351
GYRO: 657213,1,0.885,-0.456,0.458
GYRO: 657715,1,1.084,-1.235,0.092
GYRO: 658215,1,1.282,0.399,0.092
GYRO: 658716,1,0.488,0.719,0.366
GYRO: 659218,1,0.610,-1.968,0.534
GYRO: 659720,1,0.977,-0.411,0.198
GYRO: 660222,1,0.885,-0.258,0.458
GYRO: 660723,1,0.427,-0.319,-0.092
GYRO: 661225,1,0.503,-0.044,0.000
GYRO: 661725,1,0.488,-0.105,0.137
GYRO: 662233,1,0.809,-0.090,0.305
GYRO: 662729,1,0.183,-0.258,-0.107
GYRO: 663230,1,0.717,-0.258,0.031
GYRO: 663731,1,1.206,-1.693,0.305
GYRO: 664233,1,0.748,0.490,0.031
GYRO: 664733,1,0.962,0.078,-0.260
GYRO: 665235,1,0.610,-1.204,0.321
GYRO: 665737,1,1.068,-0.319,-0.336
GYRO: 666239,1,0.549,-0.395,0.153
GYRO: 666743,1,0.641,-0.319,0.137
GYRO: 667243,1,1.007,-0.197,-0.168
GYRO: 667751,1,1.099,-0.594,0.153
GYRO: 668246,1,0.610,0.414,-0.153
GYRO: 668748,1,0.992,-0.120,-0.183
GYRO: 669250,1,0.458,-1.098,0.397
GYRO: 669751,1,0.519,1.269,0.031
GYRO: 670253,1,0.900,-1.036,0.137
GYRO: 670758,1,0.519,-0.853,0.198
GYRO: 671259,1,1.236,0.185,0.275
GYRO: 671761,1,0.900,-0.227,-0.046
GYRO: 672262,1,1.145,-0.212,-0.092
GYRO: 672764,1,0.763,-1.006,-0.183
GYRO: 673274,1,0.534,-0.517,0.244
GYRO: 673769,1,0.595,-0.365,0.183
GYRO: 674270,1,0.763,-0.349,0.260
GYRO: 674772,1,0.870,-0.746,-0.031
GYRO: 675275,1,0.946,0.032,-0.046
GYRO: 675775,1,0.916,-1.479,0.626
GYRO: 676277,1,0.962,0.460,0.015
GYRO: 676779,1,1.175,-0.762,-0.229
GYRO: 677282,1,1.404,-0.044,-0.321
GYRO: 677782,1,0.687,-0.212,0.092
GYRO: 678283,1,0.336,-0.975,0.031
GYRO: 678792,1,1.084,-0.258,-0.122
GYRO: 679286,1,0.794,-0.395,0.000
GYRO: 679788,1,0.809,-0.258,0.031
GYRO: 680291,1,0.626,-0.365,-0.107
GYRO: 680793,1,0.595,-0.624,-0.122
GYRO: 681296,1,0.610,-0.533,0.229
GYRO: 681967,1,0.732,0.002,0.061
GYRO: 682296,1,0.794,-0.807,0.122
GYRO: 682798,1,0.595,0.124,-0.321
GYRO: 683299,1,0.748,-0.426,0.153
GYRO: 683801,1,0.870,-0.914,0.137
GYRO: 684308,1,0.702,-0.029,0.244
GYRO: 684803,1,1.023,-0.823,-0.137
GYRO: 685304,1,0.946,-1.296,0.351
GYRO: 685806,1,0.656,1.574,0.489
GYRO: 686306,1,0.656,-0.273,-0.947
GYRO: 686808,1,0.519,-1.632,-0.214
GYRO: 687310,1,0.610,0.506,0.076
GYRO: 687813,1,0.992,-1.388,0.580
GYRO: 688314,1,0.717,0.765,0.092
GYRO: 688815,1,0.671,-0.380,0.733
GYRO: 689316,1,0.748,-1.220,-0.107
GYRO: 689823,1,1.053,0.536,0.504
GYRO: 690319,1,0.717,-2.136,0.611
GYRO: 690820,1,0.794,1.498,-0.489
GYRO: 691321,1,0.717,-1.250,0.122
GYRO: 691821,1,0.397,-0.991,-0.168
GYRO: 692324,1,0.381,0.872,-0.137
GYRO: 692826,1,0.870,-1.021,0.015
GYRO: 693327,1,0.931,-0.105,-0.107
GYRO: 693829,1,0.702,-0.258,0.198
GYRO: 694331,1,1.221,-1.128,-0.290
GYRO: 694832,1,0.855,0.261,0.015
GYRO: 695338,1,0.778,-0.777,-0.198
GYRO: 695835,1,0.717,-0.563,0.229
GYRO: 696337,1,0.794,0.383,0.183
GYRO: 696838,1,0.809,-0.380,0.015
GYRO: 697345,1,0.717,-0.273,-0.031
GYRO: 697841,1,0.442,0.139,0.290
GYRO: 698348,1,0.549,-1.113,0.000
GYRO: 698845,1,0.107,0.643,-0.153
GYRO: 699347,1,1.068,-0.227,-0.153
GYRO: 699849,1,0.274,-0.563,0.076
GYRO: 700351,1,1.145,-0.395,-0.031
GYRO: 700858,1,0.748,-0.533,0.153
GYRO: 701354,1,0.732,-0.594,0.229
GYRO: 701855,1,0.473,0.124,-0.198
GYRO: 702355,1,1.038,-0.563,0.107
GYRO: 702857,1,0.885,0.032,0.122
GYRO: 703359,1,0.748,-0.731,0.412
GYRO: 703865,1,0.824,-0.349,-0.015
GYRO: 704360,1,0.885,0.429,-0.153
GYRO: 704861,1,0.732,-1.479,0.198
GYRO: 705364,1,0.794,0.124,-0.061
GYRO: 705865,1,0.946,0.063,-0.427
GYRO: 706367,1,0.351,-0.746,0.244
GYRO: 706868,1,1.038,0.383,0.183
GYRO: 707371,1,0.580,-1.052,0.321
GYRO: 707873,1,1.191,0.582,-0.382
GYRO: 708374,1,0.732,-0.243,-0.214
GYRO: 708876,1,0.397,-0.899,0.061
GYRO: 709382,1,1.267,0.002,0.092
GYRO: 709879,1,0.626,-0.975,0.458
GYRO: 710381,1,0.855,-0.166,-0.031
GYRO: 710883,1,0.580,-0.136,0.183
GYRO: 711384,1,0.763,-0.090,0.412
GYRO: 711885,1,0.534,-0.365,-0.244
GYRO: 712387,1,0.565,-0.365,-0.168
GYRO: 712889,1,0.855,0.002,-0.489
GYRO: 713390,1,0.809,-0.044,-0.122
GYRO: 713892,1,0.763,-0.823,-0.397
GYRO: 714393,1,1.038,-0.395,-0.092
GYRO: 714901,1,0.442,-0.731,-0.031
GYRO: 715400,1,0.977,-0.288,0.305
GYRO: 715901,1,0.656,-0.548,0.229
GYRO: 716403,1,0.763,0.032,-0.015
GYRO: 716904,1,0.977,0.490,-0.183
GYRO: 717405,1,0.366,-0.731,0.489
GYRO: 717906,1,1.068,-0.334,-0.198
GYRO: 718407,1,0.351,0.032,0.076
GYRO: 718908,1,0.656,-0.075,-0.427
GYRO: 719409,1,0.732,-0.380,-0.626
GYRO: 719910,1,1.252,-0.334,-0.321
GYRO: 720419,1,0.824,-0.151,-0.275
GYRO: 720915,1,0.839,-0.762,0.061
GYRO: 721416,1,1.099,-0.517,-0.031
GYRO: 721917,1,0.519,-0.578,0.397
GYRO: 722418,1,0.442,-0.090,0.366
GYRO: 722919,1,0.595,-0.792,0.092
GYRO: 723420,1,1.160,0.124,0.290
GYRO: 723922,1,0.671,0.032,0.031
GYRO: 724424,1,0.809,-0.105,0.137
GYRO: 724925,1,0.809,-0.685,0.061
GYRO: 725426,1,0.702,0.109,0.046
GYRO: 726058,1,0.641,-0.059,0.153
GYRO: 726425,1,0.794,-0.624,-0.015
GYRO: 726926,1,0.565,-0.212,-0.183
GYRO: 727427,1,0.946,-0.746,0.275
GYRO: 727930,1,0.595,-0.487,-0.229
GYRO: 728429,1,0.916,-0.044,0.015
GYRO: 728928,1,0.473,-0.701,-0.321
GYRO: 729431,1,0.503,0.109,-0.229
GYRO: 729933,1,0.595,-0.029,-0.076
GYRO: 730434,1,0.717,-0.243,0.046
GYRO: 730935,1,0.336,-0.197,0.412
GYRO: 731440,1,0.763,-0.655,0.061
GYRO: 731938,1,0.763,0.170,-0.015
GYRO: 732439,1,0.427,-0.655,-0.061
GYRO: 732941,1,0.931,-0.181,-0.214
GYRO: 733442,1,0.732,0.826,-0.168
GYRO: 733942,1,0.885,0.261,0.076
GYRO: 734445,1,0.671,0.521,-0.168
GYRO: 734946,1,0.549,-1.968,-0.092
GYRO: 735448,1,0.778,-0.365,0.198
GYRO: 735950,1,0.580,0.261,0.107
GYRO: 736451,1,0.442,-0.594,-0.290
GYRO: 736957,1,0.870,0.811,-0.229
GYRO: 737454,1,0.336,0.597,-0.046
GYRO: 737956,1,1.114,0.032,-0.137
GYRO: 738457,1,1.099,-0.334,-0.153
GYRO: 738959,1,1.191,-0.792,0.336
GYRO: 739460,1,0.855,1.131,-0.336
GYRO: 739961,1,0.610,-0.273,-0.153
GYRO: 740462,1,0.962,-0.960,0.198
GYRO: 740963,1,1.114,0.719,-0.641
GYRO: 741464,1,1.007,0.185,-0.061
GYRO: 741966,1,0.519,-0.487,-0.092
GYRO: 742472,1,0.839,-0.258,0.153
GYRO: 742971,1,0.809,-0.563,0.229
GYRO: 743472,1,0.748,0.048,0.122
GYRO: 743974,1,0.732,0.215,0.183
GYRO: 744476,1,0.931,-0.334,-0.382
GYRO: 744978,1,0.916,0.154,-0.031
GYRO: 745479,1,0.900,-0.533,0.321
GYRO: 745980,1,1.038,-0.624,-0.244
GYRO: 746482,1,0.931,-0.334,-0.046
GYRO: 746984,1,0.839,0.154,0.656
GYRO: 747485,1,0.656,-0.273,0.046
GYRO: 747990,1,0.702,-0.609,-0.153
GYRO: 748487,1,1.191,-0.426,0.092
GYRO: 748988,1,0.855,-0.319,0.137
GYRO: 749490,1,1.084,-0.487,0.031
GYRO: 749992,1,0.458,-0.914,0.107
GYRO: 750494,1,0.778,-0.136,-0.092
GYRO: 751002,1,0.794,-0.502,0.183
GYRO: 751497,1,1.023,-0.517,0.397
GYRO: 752000,1,1.206,-0.319,-0.244
GYRO: 752500,1,0.900,-0.380,0.107
GYRO: 753002,1,0.763,-0.304,0.412
GYRO: 753509,1,0.778,-0.838,-0.244
GYRO: 754006,1,0.565,-0.792,-0.382
GYRO: 754508,1,0.565,-0.411,0.336
GYRO: 755010,1,0.748,-0.273,0.489
GYRO: 755512,1,0.336,-0.029,0.122
GYRO: 756014,1,0.824,-0.319,0.443
GYRO: 756521,1,0.992,-2.319,0.229
GYRO: 757017,1,0.580,-0.746,-0.397
GYRO: 757517,1,1.587,1.238,-0.427
GYRO: 758019,1,0.885,-1.494,0.122
GYRO: 758526,1,0.565,1.376,0.107
GYRO: 759027,1,0.641,0.170,-0.260
GYRO: 759525,1,0.839,0.628,0.046
GYRO: 760027,1,0.916,0.689,0.321
GYRO: 760528,1,1.206,-2.029,-0.260
GYRO: 761030,1,1.023,-0.029,-0.275
GYRO: 761532,1,0.839,-1.632,-0.260
GYRO: 762040,1,0.458,0.414,-0.275
GYRO: 762535,1,0.717,-1.296,0.321
GYRO: 763036,1,0.473,-2.059,0.061
GYRO: 763537,1,1.160,1.971,0.122
GYRO: 764039,1,0.580,-1.510,0.198
GYRO: 764540,1,0.778,0.918,0.015
GYRO: 765041,1,0.824,0.628,0.305
GYRO: 765542,1,0.458,-1.571,0.076
GYRO: 766044,1,0.626,-0.609,0.198
GYRO: 766545,1,0.717,-0.243,-0.153
GYRO: 767047,1,0.992,-0.380,0.473
GYRO: 767556,1,0.549,0.887,-0.107
GYRO: 768050,1,1.068,-2.044,0.076
GYRO: 768552,1,0.442,-3.128,0.321
GYRO: 769053,1,0.885,2.536,-0.672
GYRO: 769556,1,1.236,-2.487,0.565
GYRO: 770059,1,0.503,-0.426,-0.092
GYRO: 770729,1,0.992,0.322,0.137
GYRO: 771060,1,1.435,-1.052,0.076
GYRO: 771561,1,0.962,1.864,0.092
GYRO: 772062,1,0.137,-0.930,0.595
GYRO: 772563,1,0.885,-1.540,0.031
GYRO: 773070,1,0.900,0.506,0.214
GYRO: 773567,1,0.931,-0.914,0.168
GYRO: 774068,1,0.381,0.200,0.229
GYRO: 774569,1,0.778,0.460,0.046
GYRO: 775071,1,0.702,-0.853,-0.076
GYRO: 775572,1,1.358,-0.609,0.565
GYRO: 776079,1,0.946,0.796,0.122
GYRO: 776576,1,0.565,-1.800,-0.137
GYRO: 777077,1,0.290,1.513,-0.046
GYRO: 777578,1,0.565,-0.029,-0.198
GYRO: 778079,1,0.565,-0.044,0.076
GYRO: 778586,1,1.007,0.185,-0.534
GYRO: 779083,1,0.763,-0.120,-0.229
GYRO: 779584,1,0.855,-0.380,0.305
GYRO: 780085,1,0.809,-0.075,-0.458
GYRO: 780587,1,0.503,-0.181,0.244
GYRO: 781088,1,0.610,-0.624,-0.015
GYRO: 781594,1,0.946,-0.319,0.031
GYRO: 782090,1,0.717,-0.823,0.290
GYRO: 782592,1,0.824,-0.853,0.092
GYRO: 783093,1,0.824,0.567,0.076
GYRO: 783595,1,0.778,-0.914,0.031
GYRO: 784096,1,1.420,0.063,0.000
GYRO: 784597,1,1.191,-0.151,-0.031
GYRO: 785098,1,1.099,-0.120,-0.046
GYRO: 785599,1,0.870,-0.075,-0.031
GYRO: 786101,1,0.595,-0.243,-0.076
GYRO: 786602,1,0.534,-0.548,0.107
GYRO: 787108,1,1.023,-0.120,-0.092
GYRO: 787605,1,1.175,-0.441,0.046
GYRO: 788106,1,0.748,-0.395,0.412
GYRO: 788607,1,0.931,0.200,0.061
GYRO: 789111,1,1.175,-0.304,-0.031
GYRO: 789612,1,1.114,-0.395,-0.015
GYRO: 790115,1,0.870,0.170,-0.290
GYRO: 790617,1,0.900,-0.426,-0.092
GYRO: 791118,1,0.839,-1.113,0.061
GYRO: 791620,1,0.778,0.032,-0.107
GYRO: 792122,1,0.839,0.368,0.519
GYRO: 792628,1,0.946,-0.426,0.153
GYRO: 793125,1,1.114,-0.243,-0.214
GYRO: 793627,1,0.900,-0.075,0.153
GYRO: 794128,1,0.794,-0.609,0.443
GYRO: 794630,1,0.732,0.139,0.061
GYRO: 795131,1,0.671,-0.304,0.168
GYRO: 795632,1,0.962,-0.548,-0.092
GYRO: 796133,1,0.702,-0.090,0.168
GYRO: 796635,1,0.656,-0.197,0.489
GYRO: 797136,1,1.038,-0.869,0.214
GYRO: 797638,1,0.962,-0.166,0.168
GYRO: 798144,1,1.007,-0.334,0.076
GYRO: 798641,1,0.977,-0.304,-0.153
GYRO: 799142,1,0.534,0.200,0.427
GYRO: 799644,1,0.610,-0.258,-0.275
GYRO: 800145,1,0.626,-0.945,-0.122
GYRO: 800647,1,1.099,0.032,0.458
GYRO: 801148,1,1.084,-0.685,0.015
GYRO: 801650,1,0.687,-0.212,-0.321
GYRO: 802151,1,1.114,-0.304,-0.137
GYRO: 802653,1,0.900,-0.914,-0.061
GYRO: 803154,1,1.145,-0.029,-0.092
GYRO: 803661,1,1.038,0.170,-0.275
GYRO: 804160,1,0.595,-0.624,0.000
GYRO: 804665,1,0.870,-0.197,-0.229
GYRO: 805163,1,0.458,-0.319,-0.183
GYRO: 805664,1,0.992,-0.075,-0.031
GYRO: 806166,1,0.855,0.109,0.046
GYRO: 806667,1,0.900,-0.838,0.412
GYRO: 807169,1,0.855,-0.472,-0.214
GYRO: 807670,1,0.656,0.185,-0.244
GYRO: 808172,1,1.175,-0.395,-0.046
GYRO: 808673,1,0.855,0.048,-0.198
GYRO: 809181,1,0.962,-0.395,-0.046
GYRO: 809677,1,0.794,-0.411,-0.046
GYRO: 810179,1,0.992,-0.181,-0.321
GYRO: 810681,1,0.824,-0.762,-0.229
GYRO: 811183,1,0.702,-0.014,-0.107
GYRO: 811684,1,0.763,0.368,0.046
GYRO: 812186,1,0.565,-0.548,0.290
GYRO: 812687,1,0.855,0.093,-0.214
GYRO: 813189,1,0.809,-0.258,-0.061
GYRO: 813691,1,0.794,-0.838,0.137
GYRO: 814193,1,0.916,-0.227,-0.092
GYRO: 814825,1,0.503,-0.288,0.015
GYRO: 815194,1,0.916,-0.120,0.275
GYRO: 815696,1,0.885,0.154,0.061
GYRO: 816197,1,0.427,-0.548,-0.198
GYRO: 816697,1,1.191,0.032,0.122
GYRO: 817199,1,0.763,-0.853,0.260
GYRO: 817700,1,0.717,0.246,-0.015
GYRO: 818201,1,0.732,-0.380,0.229
GYRO: 818702,1,0.595,-0.304,0.122
GYRO: 819204,1,0.931,0.811,-0.458
GYRO: 819711,1,0.946,-1.006,0.153
GYRO: 820211,1,0.885,0.292,0.214
GYRO: 820709,1,0.305,-0.716,0.366
GYRO: 821211,1,0.870,0.292,0.122
GYRO: 821712,1,0.946,-0.227,0.153
GYRO: 822213,1,1.145,-0.243,0.229
GYRO: 822715,1,0.839,0.368,-0.168
GYRO: 823217,1,0.839,-0.838,-0.015
GYRO: 823719,1,0.946,-0.609,-0.076
GYRO: 824220,1,0.763,-0.472,-0.168
GYRO: 824722,1,0.717,-0.533,0.229
GYRO: 825223,1,0.687,-0.304,-0.183
GYRO: 825729,1,0.565,-1.250,-0.290
GYRO: 826227,1,0.916,-0.441,-0.031
GYRO: 826727,1,1.145,-0.517,-0.031
GYRO: 827229,1,0.671,-0.380,0.092
GYRO: 827731,1,0.641,-0.594,0.763
GYRO: 828232,1,1.099,-0.487,-0.183
GYRO: 828733,1,0.671,-0.304,0.137
GYRO: 829234,1,0.992,-0.533,0.000
GYRO: 829735,1,0.671,-0.197,0.015
GYRO: 830236,1,0.763,0.170,-0.031
GYRO: 830738,1,0.794,-0.731,-0.412
GYRO: 831244,1,0.916,-0.563,0.183
GYRO: 831740,1,0.610,-0.120,0.000
GYRO: 832241,1,1.038,-0.548,0.260
GYRO: 832743,1,0.900,-0.578,0.214
GYRO: 833245,1,1.099,-1.403,0.412
GYRO: 833745,1,0.931,0.887,-0.046
GYRO: 834249,1,0.381,-0.548,-0.275
GYRO: 834749,1,0.305,-0.426,-0.183
GYRO: 835252,1,0.565,0.887,-0.458
GYRO: 835754,1,0.870,-0.380,0.153
GYRO: 836255,1,1.129,-0.059,0.015
GYRO: 836762,1,1.252,-0.227,0.366
GYRO: 837259,1,0.412,-1.388,0.366
GYRO: 837761,1,0.839,-0.151,-0.046
GYRO: 838262,1,0.168,0.277,-0.305
GYRO: 838764,1,0.397,-1.143,0.443
GYRO: 839265,1,0.870,-0.960,0.076
GYRO: 839766,1,1.542,-0.105,0.351
GYRO: 840267,1,0.641,-0.380,0.092
GYRO: 840769,1,1.145,-0.624,-0.092
GYRO: 841270,1,0.748,-0.136,-0.336
GYRO: 841772,1,0.687,-0.105,0.321
GYRO: 842277,1,0.641,-1.021,0.198
GYRO: 842774,1,1.374,-0.212,-0.107
GYRO: 843275,1,1.374,-0.472,0.198
GYRO: 843777,1,0.992,-0.624,-0.092
GYRO: 844278,1,1.053,-0.609,0.000
GYRO: 844780,1,1.313,-0.975,0.092
GYRO: 845282,1,1.099,0.689,-0.092
GYRO: 845784,1,0.488,-0.853,0.000
GYRO: 846285,1,0.351,-0.548,0.412
GYRO: 846787,1,0.885,-0.395,0.336
GYRO: 847288,1,0.687,-0.777,0.229
GYRO: 847796,1,0.412,0.048,-0.107
GYRO: 848295,1,0.656,0.170,-0.214
GYRO: 848796,1,0.626,-0.945,-0.107
GYRO: 849298,1,1.221,0.063,-0.122
GYRO: 849800,1,0.641,-3.235,0.168
GYRO: 850304,1,0.732,0.460,0.504
GYRO: 850802,1,0.397,-0.807,-0.366
GYRO: 851304,1,0.748,-1.342,-0.641
GYRO: 851806,1,0.519,0.597,-0.519
GYRO: 852309,1,0.671,-2.014,-0.031
GYRO: 852811,1,0.565,0.475,0.076
GYRO: 853319,1,1.023,0.185,0.107
GYRO: 853815,1,1.084,-0.762,0.000
GYRO: 854319,1,1.252,0.658,0.183
GYRO: 854820,1,0.183,-1.036,0.214
GYRO: 855321,1,0.687,-0.716,-0.076
GYRO: 855822,1,0.427,0.887,0.031
GYRO: 856323,1,1.114,-0.838,-0.412
GYRO: 856825,1,0.824,-0.807,0.290
GYRO: 857325,1,0.916,1.528,-0.107
GYRO: 857828,1,0.671,-1.449,0.626
GYRO: 858330,1,0.732,1.025,0.473
GYRO: 858960,1,0.595,-0.762,-0.107
GYRO: 859329,1,0.931,-1.296,0.198
GYRO: 859830,1,0.900,-0.563,-0.122
GYRO: 860332,1,0.962,-0.304,-0.153
GYRO: 860833,1,0.855,-0.258,-0.290
GYRO: 861335,1,0.656,-0.105,-0.046
GYRO: 861835,1,0.809,-0.502,0.046
GYRO: 862336,1,0.977,-0.288,-0.046
GYRO: 862837,1,1.221,0.200,-0.534
GYRO: 863339,1,1.267,-0.441,-0.076
GYRO: 863839,1,0.946,-0.456,0.290
GYRO: 864345,1,0.595,-0.441,-0.122
GYRO: 864842,1,1.129,-1.357,0.366
GYRO: 865344,1,1.023,2.429,-0.015
GYRO: 865848,1,1.404,0.399,-0.061
GYRO: 866348,1,0.488,-1.021,0.183
GYRO: 866850,1,0.290,-1.464,0.092
GYRO: 867350,1,1.038,-1.281,0.229
GYRO: 867852,1,0.855,1.559,-0.687
GYRO: 868354,1,0.839,0.032,-0.137
GYRO: 868856,1,0.870,-0.136,0.382
GYRO: 869357,1,1.221,-1.998,0.305
GYRO: 869863,1,0.565,2.765,-0.198
GYRO: 870360,1,0.977,-0.319,0.336
GYRO: 870862,1,0.519,-1.388,0.153
GYRO: 871363,1,0.427,0.918,0.122
GYRO: 871865,1,0.580,-1.678,-0.305
GYRO: 872366,1,0.671,-0.456,-0.458
GYRO: 872866,1,1.099,3.788,-0.061
GYRO: 873367,1,0.962,-3.067,0.748
GYRO: 873869,1,1.175,1.070,0.137
GYRO: 874370,1,0.473,0.521,-0.229
GYRO: 874872,1,0.595,-1.235,-0.137
GYRO: 875378,1,0.885,1.666,0.015
GYRO: 875875,1,0.946,-1.678,0.336
GYRO: 876376,1,0.778,-1.235,0.198
GYRO: 876877,1,1.450,0.063,0.107
GYRO: 877378,1,1.160,0.628,-0.153
GYRO: 877880,1,0.778,-0.746,0.153
GYRO: 878380,1,0.946,-0.502,0.397
GYRO: 878882,1,1.114,-0.594,-0.351
GYRO: 879383,1,1.129,-0.731,0.290
GYRO: 879885,1,0.748,0.811,0.107
GYRO: 880386,1,1.068,-0.914,-0.092
GYRO: 880893,1,0.870,-1.525,0.229
GYRO: 881388,1,0.931,1.147,-0.015
GYRO: 881890,1,0.839,-1.891,-0.046
GYRO: 882391,1,0.885,1.589,-0.519
GYRO: 882892,1,0.671,-0.258,-0.137
GYRO: 883393,1,0.931,-1.235,-0.107
GYRO: 883898,1,0.580,0.780,0.443
GYRO: 884396,1,1.007,-1.739,0.076
GYRO: 884897,1,0.412,0.215,-0.092
GYRO: 885397,1,0.870,1.040,-0.198
GYRO: 885899,1,0.473,0.048,-0.107
GYRO: 886400,1,1.145,0.658,0.000
GYRO: 886902,1,0.748,-1.891,0.489
GYRO: 887404,1,1.053,-1.189,0.260
GYRO: 887905,1,0.962,-0.166,0.015
GYRO: 888406,1,0.885,-1.571,0.458
GYRO: 888907,1,1.023,-0.090,0.076
GYRO: 889412,1,0.916,-0.746,0.351
GYRO: 889911,1,0.702,-2.273,0.351
GYRO: 890412,1,1.084,-0.701,0.015
GYRO: 890914,1,0.412,-0.136,0.198
GYRO: 891415,1,1.679,2.078,0.061
GYRO: 891916,1,0.458,-0.319,0.565
GYRO: 892422,1,0.962,0.857,0.076
GYRO: 892923,1,0.580,-0.441,0.076
GYRO: 893424,1,1.023,0.506,-0.092
GYRO: 893925,1,1.404,0.215,-0.061
GYRO: 894426,1,0.977,0.567,0.122
GYRO: 894933,1,0.732,-0.029,-0.489
GYRO: 895429,1,1.084,-0.304,-0.611
GYRO: 895930,1,0.641,0.673,0.519
GYRO: 896434,1,0.778,0.353,-0.260
GYRO: 896933,1,1.114,-1.265,0.031
GYRO: 897436,1,0.351,0.017,-0.458
GYRO: 897938,1,0.473,-0.395,0.275
GYRO: 898440,1,0.946,-0.685,0.626
GYRO: 898943,1,0.641,-2.502,0.168
GYRO: 899445,1,0.626,0.887,-0.244
GYRO: 899948,1,1.404,-2.212,-0.214
GYRO: 900456,1,0.931,2.490,0.321
GYRO: 900951,1,0.687,-0.426,-0.229
GYRO: 901452,1,0.900,-0.136,-0.595
GYRO: 901954,1,0.641,-0.273,0.076
GYRO: 902457,1,0.778,-0.578,0.321
GYRO: 902959,1,0.763,-0.945,-0.336
GYRO: 903630,1,1.084,0.796,-0.183
GYRO: 903959,1,0.732,-1.220,0.183
GYRO: 904460,1,0.626,0.780,-0.168
GYRO: 904961,1,1.236,-0.823,0.305
GYRO: 905461,1,0.885,-0.395,-0.305
GYRO: 905979,1,0.488,-0.640,-0.061
GYRO: 906463,1,0.320,0.002,0.122
GYRO: 906965,1,1.267,0.246,-0.351
GYRO: 907466,1,1.145,-2.197,0.275
GYRO: 907968,1,1.084,1.147,0.122
GYRO: 908469,1,0.870,-0.395,-0.076
GYRO: 908976,1,1.023,-1.540,-0.031
GYRO: 909472,1,0.610,0.261,0.000
GYRO: 909974,1,0.641,-0.441,0.382
GYRO: 910476,1,0.442,-1.220,0.443
GYRO: 910978,1,0.794,0.918,-0.229
GYRO: 911487,1,1.252,-1.433,0.198
GYRO: 911982,1,1.160,0.200,0.214
GYRO: 912484,1,0.641,0.444,-0.076
GYRO: 912985,1,0.977,-1.708,0.244
GYRO: 913487,1,0.748,0.078,0.061
GYRO: 913987,1,1.236,-0.548,0.183
GYRO: 914495,1,0.641,-1.571,0.427
GYRO: 914991,1,1.099,0.338,-0.031
GYRO: 915493,1,0.427,-0.029,0.107
GYRO: 915993,1,0.855,-0.181,0.000
GYRO: 916496,1,1.145,0.429,-0.718
GYRO: 916998,1,0.732,-1.082,0.214
GYRO: 917501,1,0.763,-1.006,-0.015
GYRO: 918003,1,0.168,-0.884,0.015
GYRO: 918504,1,0.565,-1.494,-0.107
GYRO: 919006,1,1.160,0.918,0.198
GYRO: 919508,1,1.343,-1.098,0.168
GYRO: 920015,1,0.656,-0.640,0.260
GYRO: 920511,1,1.358,-0.456,0.046
GYRO: 921012,1,0.962,-0.502,0.305
GYRO: 921514,1,1.023,-0.304,0.290
GYRO: 922016,1,0.794,0.719,-0.427
GYRO: 922518,1,0.931,-1.983,0.366
GYRO: 923020,1,0.595,0.597,0.015
GYRO: 923522,1,1.358,-0.899,-0.183
GYRO: 924022,1,0.977,-1.021,0.397
GYRO: 924525,1,0.427,0.170,0.260
GYRO: 925027,1,1.542,-0.456,-0.015
GYRO: 925535,1,1.129,0.841,-0.061
GYRO: 926030,1,0.778,-0.105,0.153
GYRO: 926531,1,1.374,0.353,-0.244
GYRO: 927039,1,1.328,0.017,0.015
GYRO: 927535,1,0.458,-1.021,-0.061
GYRO: 928037,1,1.023,-0.059,-0.122
GYRO: 928538,1,1.023,1.620,0.458
GYRO: 929040,1,1.236,-0.807,-0.321
GYRO: 929541,1,1.358,1.254,-0.901
GYRO: 930042,1,0.702,1.147,0.489
GYRO: 930544,1,1.084,-0.594,0.168
GYRO: 931051,1,1.068,-2.746,0.046
GYRO: 931547,1,0.794,-4.487,0.122
GYRO: 932047,1,0.855,0.704,0.321
GYRO: 932549,1,0.794,1.574,0.031
GYRO: 933051,1,0.610,0.063,-0.198
GYRO: 933553,1,0.229,-0.334,-0.427
GYRO: 934059,1,0.946,-1.998,-0.275
GYRO: 934556,1,0.931,0.353,0.153
GYRO: 935057,1,0.931,0.628,-0.107
GYRO: 935559,1,1.053,-0.181,0.229
GYRO: 936060,1,1.236,0.246,0.229
GYRO: 936564,1,0.458,-0.136,-0.092
GYRO: 937066,1,0.687,-0.792,-0.290
GYRO: 937568,1,0.213,0.750,-0.015
GYRO: 938070,1,0.336,-1.388,0.183
GYRO: 938572,1,0.656,0.383,0.534
GYRO: 939074,1,0.763,-0.823,0.137
GYRO: 939582,1,0.824,-0.853,-0.061
GYRO: 940077,1,0.794,0.170,-0.153
GYRO: 940579,1,0.748,-0.212,-0.290
GYRO: 941081,1,1.542,-0.059,-0.092
GYRO: 941583,1,1.114,-0.472,-0.076
GYRO: 942085,1,0.931,-1.556,0.412
GYRO: 942587,1,0.671,-0.075,0.061
GYRO: 943089,1,0.870,0.002,-0.092
GYRO: 943590,1,0.687,-0.502,0.046
GYRO: 944092,1,0.748,-1.082,0.107
GYRO: 944592,1,1.343,1.986,0.229
GYRO: 945100,1,0.458,-1.785,0.122
GYRO: 945595,1,0.839,0.002,0.000
GYRO: 946097,1,0.702,-0.594,0.061
GYRO: 946599,1,0.381,0.322,0.321
GYRO: 947101,1,0.794,0.200,-0.031
GYRO: 947603,1,0.885,0.032,0.260
GYRO: 948276,1,0.870,-1.311,0.092
GYRO: 948605,1,0.839,0.093,0.336
GYRO: 949106,1,0.519,1.376,0.260
GYRO: 949611,1,0.336,-3.907,-0.076
GYRO: 950110,1,0.565,1.574,0.397
GYRO: 950616,1,1.068,-0.426,0.336
GYRO: 951112,1,0.366,-1.159,0.183
GYRO: 951614,1,1.053,-0.853,0.321
GYRO: 952115,1,0.977,-0.609,0.107
GYRO: 952617,1,0.916,0.093,0.015
GYRO: 953118,1,1.282,0.231,0.092
GYRO: 953626,1,0.946,0.170,0.046
GYRO: 954123,1,0.641,-0.899,0.031
GYRO: 954623,1,0.458,0.078,-0.137
GYRO: 955125,1,0.916,-1.540,-0.107
GYRO: 955626,1,1.358,-0.273,0.076
GYRO: 956128,1,0.794,0.643,0.061
GYRO: 956630,1,1.129,1.162,0.046
GYRO: 957131,1,0.900,-1.830,-0.198
GYRO: 957636,1,1.007,3.025,-0.321
GYRO: 958136,1,0.641,-1.220,0.702
GYRO: 958638,1,0.885,-0.609,0.061
GYRO: 959145,1,0.626,1.635,-0.519
GYRO: 959641,1,1.084,-0.197,0.000
GYRO: 960142,1,1.068,0.322,-0.366
GYRO: 960644,1,0.626,0.277,0.061
GYRO: 961146,1,0.610,-0.930,0.244
GYRO: 961648,1,1.053,0.170,0.580
GYRO: 962150,1,0.717,0.979,0.122
GYRO: 962652,1,0.778,-0.991,0.275
GYRO: 963154,1,1.068,0.414,0.198
GYRO: 963654,1,0.977,-1.617,0.412
GYRO: 964156,1,0.946,-0.853,0.061
GYRO: 964663,1,0.763,0.078,0.031
GYRO: 965158,1,1.267,-0.807,0.092
GYRO: 965660,1,0.610,0.215,0.107
GYRO: 966161,1,0.824,-2.334,0.153
GYRO: 966661,1,0.763,1.223,-0.214
GYRO: 967163,1,1.267,-1.265,0.031
GYRO: 967669,1,0.962,-1.525,0.000
GYRO: 968166,1,1.160,0.154,-0.351
GYRO: 968667,1,1.145,0.612,-0.641
GYRO: 969168,1,0.916,-2.502,0.153
GYRO: 969669,1,0.778,0.612,-0.397
GYRO: 970176,1,0.977,-0.258,0.260
GYRO: 970671,1,0.931,-0.365,0.718
GYRO: 971173,1,0.946,-1.586,0.336
GYRO: 971675,1,0.885,-1.159,0.336
GYRO: 972176,1,0.687,0.765,-0.473
GYRO: 972679,1,1.420,-1.510,-0.183
GYRO: 973190,1,1.389,0.628,0.076
GYRO: 973681,1,0.595,-2.731,0.443
GYRO: 974182,1,1.053,-0.334,0.137
GYRO: 974685,1,1.068,-0.014,0.244
GYRO: 975186,1,1.328,-2.181,0.626
GYRO: 975689,1,0.809,1.406,-0.397
GYRO: 976190,1,0.610,-0.227,-0.656
GYRO: 976691,1,0.839,-1.510,0.550
GYRO: 977192,1,0.839,-0.044,0.519
GYRO: 977693,1,1.343,0.170,-0.214
GYRO: 978196,1,1.206,0.475,-0.031
GYRO: 978701,1,1.007,-1.418,0.183
GYRO: 979199,1,0.839,0.521,-0.183
GYRO: 979700,1,0.595,-0.548,-0.397
GYRO: 980201,1,0.595,-0.685,-0.122
GYRO: 980703,1,1.084,-0.395,0.092
GYRO: 981204,1,0.702,-0.502,-0.290
GYRO: 981708,1,1.313,0.139,0.366
GYRO: 982209,1,0.946,-0.609,0.000
GYRO: 982710,1,1.099,-0.578,0.168
GYRO: 983212,1,1.282,-1.235,-0.351
GYRO: 983714,1,0.503,0.429,-0.290
GYRO: 984221,1,1.023,-0.319,0.336
GYRO: 984717,1,1.252,0.521,-0.672
GYRO: 985218,1,0.992,0.002,0.214
GYRO: 985719,1,1.145,2.414,0.443
GYRO: 986221,1,0.565,-0.578,0.382
GYRO: 986723,1,0.702,-1.388,-0.229
GYRO: 987224,1,0.656,0.475,-0.489
GYRO: 987726,1,0.488,-1.769,0.229
GYRO: 988229,1,0.595,1.528,-0.916
GYRO: 988730,1,0.656,-1.556,0.260
GYRO: 989231,1,0.916,0.307,-0.153
GYRO: 989739,1,1.114,1.330,-0.198
GYRO: 990235,1,0.916,-0.899,0.153
GYRO: 990737,1,1.114,-0.670,-0.092
GYRO: 991238,1,1.221,0.994,-0.458
GYRO: 991740,1,0.992,-3.510,1.252
GYRO: 992241,1,0.565,0.780,-0.076
GYRO: 992874,1,0.885,0.429,-0.443
GYRO: 993242,1,1.175,-0.762,0.061
GYRO: 993743,1,0.885,0.093,0.061
GYRO: 994246,1,0.626,-0.029,0.290
GYRO: 994747,1,0.626,-1.479,0.107
GYRO: 995250,1,1.084,0.612,-0.168
GYRO: 995750,1,0.992,-1.891,0.443
GYRO: 996251,1,1.038,0.765,-0.336
GYRO: 996753,1,0.397,-0.181,-0.031
GYRO: 997254,1,1.160,-1.769,0.305
GYRO: 997755,1,1.084,0.536,-0.107
GYRO: 998262,1,0.442,-1.952,0.397
GYRO: 998758,1,0.259,0.460,-0.336
GYRO: 999260,1,0.870,-0.319,0.046
GYRO: 999761,1,0.397,-1.998,0.473
GYRO: 1000263,1,0.519,1.620,-0.092
GYRO: 1000764,1,0.503,0.032,-0.427
GYRO: 1001265,1,1.007,-1.907,0.336
GYRO: 1001767,1,1.114,0.277,0.198
GYRO: 1002269,1,1.007,-1.204,0.458
GYRO: 1002770,1,1.084,0.154,-0.885
GYRO: 1003272,1,0.977,0.200,-0.595
GYRO: 1003783,1,1.084,-1.785,0.580
GYRO: 1004275,1,1.099,1.345,-0.443
GYRO: 1004776,1,0.931,-2.304,0.015
GYRO: 1005278,1,0.870,1.635,0.137
GYRO: 1005780,1,0.809,-1.556,0.122
GYRO: 1006282,1,0.824,-0.792,0.351
GYRO: 1006783,1,1.068,0.322,-0.198
GYRO: 1007285,1,0.671,0.246,-0.137
GYRO: 1007786,1,1.145,0.078,-0.412
GYRO: 1008287,1,1.007,-0.685,0.290
GYRO: 1008788,1,1.129,-1.250,0.260
GYRO: 1009295,1,0.977,0.261,-0.092
GYRO: 1009791,1,1.023,-3.036,0.092
GYRO: 1010293,1,0.549,0.322,0.336
GYRO: 1010794,1,0.274,0.017,-0.137
GYRO: 1011296,1,1.191,-1.464,0.473
GYRO: 1011802,1,1.114,0.841,-0.382
GYRO: 1012299,1,0.702,-0.441,-0.244
GYRO: 1012800,1,0.687,0.154,-0.168
GYRO: 1013302,1,1.038,-0.212,0.641
GYRO: 1013804,1,0.946,0.139,-0.061
GYRO: 1014304,1,0.473,-2.411,0.473
GYRO: 1014806,1,1.297,-0.136,-0.260
GYRO: 1015308,1,1.603,-1.006,-0.260
GYRO: 1015810,1,0.794,0.933,-0.031
GYRO: 1016312,1,0.732,-0.701,0.031
GYRO: 1016814,1,0.855,-0.609,0.687
GYRO: 1017318,1,0.137,-0.792,-0.427
GYRO: 1017816,1,0.687,-0.441,0.031
GYRO: 1018317,1,1.068,1.345,0.031
GYRO: 1018822,1,1.191,0.048,0.260
GYRO: 1019322,1,1.084,0.154,-0.046
GYRO: 1019823,1,0.641,-0.624,0.046
GYRO: 1020324,1,1.236,-1.036,-0.015
GYRO: 1020825,1,1.175,1.422,-0.046
GYRO: 1021326,1,1.450,-1.601,-0.092
GYRO: 1021827,1,0.366,-0.044,-0.718
GYRO: 1022329,1,1.068,-0.517,-0.031
GYRO: 1022834,1,0.656,-0.930,0.244
GYRO: 1023330,1,1.481,-1.067,-0.168
GYRO: 1023832,1,0.549,-1.525,0.336
GYRO: 1024333,1,1.496,-0.914,0.198
GYRO: 1024834,1,0.702,0.780,-0.229
GYRO: 1025335,1,0.732,-1.769,-0.214
GYRO: 1025838,1,0.748,-1.327,-0.137
GYRO: 1026342,1,1.282,1.757,-0.214
GYRO: 1026844,1,0.855,-0.349,0.351
GYRO: 1027346,1,1.007,-0.594,-0.305
GYRO: 1027848,1,0.931,0.292,0.183
GYRO: 1028356,1,0.687,0.506,-0.076
GYRO: 1028851,1,1.313,0.658,0.031
GYRO: 1029352,1,0.763,-3.098,-0.031
GYRO: 1029854,1,1.099,0.933,-0.336
GYRO: 1030358,1,0.931,0.902,-0.122
GYRO: 1030867,1,1.023,0.002,-0.427
GYRO: 1031360,1,0.763,-0.197,-0.412
GYRO: 1031862,1,0.656,2.750,0.122
GYRO: 1032365,1,1.313,-1.815,0.473
GYRO: 1032866,1,0.870,-0.807,0.260
GYRO: 1033367,1,0.763,1.101,-0.076
GYRO: 1033874,1,0.702,-1.723,0.061
GYRO: 1034373,1,0.702,1.330,-0.153
GYRO: 1034872,1,1.114,-2.365,0.000
GYRO: 1035374,1,0.763,-0.334,0.122
GYRO: 1035875,1,0.778,-2.044,0.214
GYRO: 1036509,1,0.870,-1.876,-0.198
GYRO: 1036878,1,1.068,1.070,-0.260
GYRO: 1037380,1,0.962,-0.578,-0.229
GYRO: 1037881,1,0.488,-1.540,-0.275
GYRO: 1038382,1,1.084,0.673,-0.183
GYRO: 1038883,1,1.023,-3.479,0.473
GYRO: 1039383,1,1.160,2.414,-0.015
GYRO: 1039884,1,1.206,-1.479,0.076
GYRO: 1040387,1,0.565,-1.556,-0.183
GYRO: 1040888,1,0.671,2.689,-0.290
GYRO: 1041388,1,0.702,-2.365,0.183
GYRO: 1041895,1,1.313,1.925,-0.260
GYRO: 1042391,1,0.717,0.643,0.153
GYRO: 1042892,1,0.687,0.231,-0.168
GYRO: 1043393,1,1.053,-0.487,-0.168
GYRO: 1043895,1,1.099,-0.792,0.382
GYRO: 1044396,1,1.007,2.567,-0.290
GYRO: 1044897,1,1.053,-1.632,0.382
GYRO: 1045398,1,0.717,0.185,0.473
GYRO: 1045901,1,0.977,0.307,-0.076
GYRO: 1046403,1,1.206,-1.556,0.168
GYRO: 1046904,1,1.084,1.177,0.260
GYRO: 1047412,1,1.068,-1.830,0.244
GYRO: 1047907,1,0.855,-1.113,0.107
GYRO: 1048407,1,0.397,0.643,0.168
GYRO: 1048910,1,0.946,-0.807,-0.076
GYRO: 1049410,1,0.763,0.994,0.076
GYRO: 1049913,1,1.389,-0.945,0.565
GYRO: 1050415,1,1.374,-0.456,0.015
GYRO: 1050916,1,0.503,2.048,-0.290
GYRO: 1051416,1,0.717,-0.807,-0.015
GYRO: 1051918,1,1.481,0.460,-0.275
GYRO: 1052420,1,1.511,-0.365,0.229
GYRO: 1052927,1,1.221,0.200,-0.076
GYRO: 1053423,1,0.748,-0.853,0.504
GYRO: 1053924,1,0.641,-0.578,-0.046
GYRO: 1054426,1,0.855,0.246,0.061
GYRO: 1054927,1,1.282,0.536,0.534
GYRO: 1055432,1,0.794,-1.907,0.366
GYRO: 1055930,1,0.916,-1.113,-0.092
GYRO: 1056431,1,1.191,0.048,0.046
GYRO: 1056932,1,0.794,-0.533,0.153
GYRO: 1057434,1,1.084,-1.479,0.275
GYRO: 1057935,1,1.481,1.452,-0.092
GYRO: 1058442,1,0.626,-0.853,0.198
GYRO: 1058939,1,0.977,0.231,-0.229
GYRO: 1059440,1,0.565,-1.723,-0.260
GYRO: 1059941,1,1.160,0.475,0.061
GYRO: 1060442,1,1.175,-2.075,0.550
GYRO: 1060947,1,0.870,0.429,-0.229
GYRO: 1061445,1,0.885,1.727,-0.198
GYRO: 1061947,1,0.946,-2.227,-0.031
GYRO: 1062449,1,0.839,0.735,0.504
GYRO: 1062951,1,0.992,-2.136,0.550
GYRO: 1063453,1,0.870,-0.685,-0.183
GYRO: 1063954,1,0.656,-0.120,0.351
GYRO: 1064456,1,0.748,0.093,-0.031
GYRO: 1064964,1,0.671,-0.044,-0.153
GYRO: 1065459,1,1.374,-1.220,-0.031
GYRO: 1065961,1,1.465,0.429,-0.092
GYRO: 1066467,1,0.763,-0.349,0.275
GYRO: 1066965,1,0.717,-0.273,-0.260
GYRO: 1067466,1,0.900,0.841,-0.015
GYRO: 1067967,1,1.297,-1.693,0.198
GYRO: 1068468,1,1.236,0.292,-0.061
GYRO: 1068969,1,1.007,-0.762,0.229
GYRO: 1069470,1,0.855,-1.388,0.733
GYRO: 1069975,1,0.702,0.338,0.519
GYRO: 1070476,1,1.236,-0.960,0.214
GYRO: 1070979,1,0.870,0.032,-0.229
GYRO: 1071481,1,1.252,-0.670,0.260
GYRO: 1071989,1,1.191,-0.120,0.183
GYRO: 1072484,1,1.068,0.170,0.214
GYRO: 1072985,1,0.916,-0.624,-0.244
GYRO: 1073487,1,1.755,-0.243,0.107
GYRO: 1073988,1,0.824,-1.235,0.336
GYRO: 1074490,1,1.068,-1.220,-0.183
GYRO: 1074992,1,0.687,0.506,-0.550
GYRO: 1075493,1,1.068,0.154,0.153
GYRO: 1075996,1,0.900,-1.876,0.275
GYRO: 1076497,1,0.855,0.338,-0.305
GYRO: 1077000,1,0.732,-0.319,0.000
GYRO: 1077507,1,0.992,-0.838,0.458
GYRO: 1078002,1,0.610,0.780,-0.061
GYRO: 1078504,1,0.519,-0.243,0.244
GYRO: 1079005,1,0.580,-0.609,0.198
GYRO: 1079507,1,0.763,0.078,-0.061
GYRO: 1080139,1,0.870,-1.006,-0.061
GYRO: 1080506,1,1.191,0.109,-0.015
GYRO: 1081008,1,0.580,-0.716,0.015
GYRO: 1081509,1,0.839,0.918,0.336
GYRO: 1082010,1,0.855,-0.105,-0.107
GYRO: 1082512,1,0.839,-0.853,0.015
GYRO: 1083023,1,1.221,0.307,0.229
GYRO: 1083515,1,0.717,-0.517,0.382
GYRO: 1084016,1,1.374,-0.884,0.031
GYRO: 1084518,1,1.511,0.215,-0.061
GYRO: 1085019,1,0.687,-0.059,0.000
GYRO: 1085526,1,1.023,-0.838,-0.122
GYRO: 1086023,1,1.160,-0.685,0.092
GYRO: 1086524,1,0.778,-0.426,0.168
GYRO: 1087025,1,0.473,-0.472,-0.137
GYRO: 1087526,1,1.023,-0.426,0.000
GYRO: 1088027,1,0.610,-0.151,0.290
GYRO: 1088529,1,0.992,0.246,-0.336
GYRO: 1089030,1,0.900,0.032,-0.168
GYRO: 1089531,1,1.068,-1.571,-0.626
GYRO: 1090032,1,0.732,0.490,-0.061
GYRO: 1090533,1,1.297,-0.563,0.397
GYRO: 1091038,1,0.824,-2.090,0.397
GYRO: 1091538,1,0.687,0.093,-0.198
GYRO: 1092040,1,0.580,-0.945,0.076
GYRO: 1092541,1,0.610,0.765,0.076
GYRO: 1093042,1,1.160,-0.701,0.550
GYRO: 1093544,1,0.748,-1.586,-0.229
GYRO: 1094046,1,0.107,-0.517,0.198
GYRO: 1094548,1,0.580,-1.769,0.214
GYRO: 1095048,1,0.977,0.048,0.886
GYRO: 1095555,1,1.282,1.193,0.977
GYRO: 1096051,1,1.023,-4.853,0.641
GYRO: 1096557,1,0.732,0.567,0.336
GYRO: 1097053,1,0.763,-0.533,0.122
GYRO: 1097554,1,1.053,1.330,0.137
GYRO: 1098055,1,1.465,-0.304,-0.107
GYRO: 1098556,1,0.687,-3.036,0.122
GYRO: 1099057,1,1.099,2.490,-0.137
GYRO: 1099559,1,1.420,-1.785,-0.015
GYRO: 1100060,1,0.595,1.589,-0.611
GYRO: 1100561,1,1.099,-0.212,-0.489
GYRO: 1101062,1,0.992,0.170,0.061
GYRO: 1101563,1,0.794,-0.914,0.137
GYRO: 1102069,1,0.962,-1.189,-0.122
GYRO: 1102565,1,1.007,0.063,0.290
GYRO: 1103066,1,0.748,0.078,0.168
GYRO: 1103567,1,1.145,-0.716,-0.122
GYRO: 1104068,1,0.717,-0.655,0.046
GYRO: 1104574,1,0.717,-0.640,-0.061
GYRO: 1105070,1,1.236,0.185,0.153
GYRO: 1105571,1,0.931,-1.327,0.321
GYRO: 1106072,1,0.717,0.399,-0.107
GYRO: 1106573,1,1.129,-0.655,0.031
GYRO: 1107074,1,0.839,-0.197,0.092
GYRO: 1107580,1,0.855,0.719,-0.137
GYRO: 1108076,1,0.473,-0.701,0.137
GYRO: 1108577,1,0.732,-0.838,-0.275
GYRO: 1109078,1,1.145,-0.288,-0.122
GYRO: 1109579,1,0.748,-0.426,-0.031
GYRO: 1110086,1,0.473,-1.708,-0.015
GYRO: 1110582,1,1.007,-0.258,-0.443
GYRO: 1111085,1,0.931,-1.342,0.015
GYRO: 1111587,1,1.053,-0.777,0.214
GYRO: 1112088,1,0.946,-0.334,-0.137
GYRO: 1112589,1,0.580,0.170,-0.168
GYRO: 1113092,1,1.068,-0.059,-0.229
GYRO: 1113596,1,0.778,-0.594,0.550
GYRO: 1114096,1,1.038,-0.456,0.366
GYRO: 1114597,1,0.900,-0.884,0.122
GYRO: 1115098,1,0.977,-0.655,0.031
GYRO: 1115606,1,0.427,-0.044,-0.107
GYRO: 1116100,1,1.160,-0.243,-0.290
GYRO: 1116601,1,0.900,-0.899,-0.076
GYRO: 1117103,1,0.702,-0.731,0.260
GYRO: 1117604,1,1.114,-0.197,-0.275
GYRO: 1118106,1,0.794,-0.349,0.214
GYRO: 1118608,1,0.580,-0.609,-0.214
GYRO: 1119110,1,1.023,-0.105,-0.260
GYRO: 1119611,1,0.794,-0.533,0.443
GYRO: 1120113,1,0.671,0.215,-0.489
GYRO: 1120614,1,0.946,-0.914,0.214
GYRO: 1121122,1,0.855,-0.365,0.061
GYRO: 1121616,1,0.870,-0.456,-0.076
GYRO: 1122118,1,0.977,-0.395,-0.489
GYRO: 1122619,1,0.809,-0.670,0.137
GYRO: 1123120,1,1.145,-0.502,0.229
GYRO: 1123750,1,0.687,-0.059,0.000
GYRO: 1124119,1,0.855,-0.823,-0.061
GYRO: 1124622,1,0.977,-0.380,-0.260
GYRO: 1125122,1,0.855,0.093,0.076
GYRO: 1125625,1,0.946,-0.685,0.534
GYRO: 1126128,1,1.191,-0.212,0.214
GYRO: 1126627,1,1.267,-0.105,-0.031
GYRO: 1127129,1,0.931,-0.624,0.412
GYRO: 1127630,1,1.236,-0.166,0.504
GYRO: 1128131,1,0.473,-1.021,-0.183
GYRO: 1128631,1,0.962,-0.044,0.076
GYRO: 1129137,1,0.656,-0.090,-0.076
GYRO: 1129634,1,1.068,-0.609,-0.290
GYRO: 1130135,1,0.977,-0.014,-0.336
GYRO: 1130637,1,1.068,-0.899,0.137
GYRO: 1131138,1,1.099,0.261,0.305
GYRO: 1131640,1,0.900,0.154,-0.168
GYRO: 1132143,1,1.023,-0.899,0.305
GYRO: 1132645,1,0.656,0.139,-0.061
GYRO: 1133146,1,1.084,-0.517,0.229
GYRO: 1133648,1,0.717,-0.655,-0.122
GYRO: 1134149,1,1.099,-0.120,0.351
GYRO: 1134654,1,0.717,-0.548,0.015
GYRO: 1135151,1,1.191,0.292,0.061
GYRO: 1135652,1,1.023,0.048,-0.260
GYRO: 1136154,1,1.221,-0.151,-0.031
GYRO: 1136656,1,0.778,-0.563,0.061
GYRO: 1137157,1,1.206,-0.823,0.504
GYRO: 1137658,1,0.885,0.078,-0.092
GYRO: 1138159,1,0.962,-0.701,-0.153
GYRO: 1138661,1,0.946,-0.029,0.107
GYRO: 1139162,1,0.595,-0.120,-0.229
GYRO: 1139663,1,0.641,-0.792,0.107
GYRO: 1140169,1,1.053,-0.151,0.198
GYRO: 1140665,1,1.053,-0.655,0.076
GYRO: 1141165,1,0.565,-0.899,0.137
GYRO: 1141671,1,0.962,0.643,-0.061
GYRO: 1142170,1,0.885,-0.777,-0.061
GYRO: 1142677,1,0.763,0.139,-0.031
GYRO: 1143173,1,0.809,0.002,-0.015
GYRO: 1143675,1,0.946,-0.563,0.198
GYRO: 1144176,1,0.916,-0.090,-0.137
GYRO: 1144678,1,0.809,-0.288,0.336
GYRO: 1145179,1,1.191,-0.227,-0.076
GYRO: 1145680,1,0.763,-0.869,0.153
GYRO: 1146180,1,0.839,-0.212,0.229
GYRO: 1146682,1,1.236,-0.838,-0.260
GYRO: 1147183,1,0.870,0.353,0.107
GYRO: 1147684,1,0.687,-0.090,-0.305
GYRO: 1148190,1,1.007,-0.899,0.031
GYRO: 1148687,1,0.794,-0.044,0.321
GYRO: 1149188,1,0.702,0.109,-0.092
GYRO: 1149689,1,0.702,-0.624,0.443
GYRO: 1150192,1,0.671,0.353,-0.214
GYRO: 1150693,1,0.824,1.330,-0.397
GYRO: 1151195,1,0.626,-1.052,-0.504
GYRO: 1151696,1,0.855,-0.655,0.321
GYRO: 1152197,1,0.610,0.017,-0.153
GYRO: 1152698,1,0.671,0.200,0.076
GYRO: 1153198,1,0.916,-1.388,0.183
GYRO: 1153704,1,0.962,0.506,0.015
GYRO: 1154203,1,0.977,-0.472,-0.076
GYRO: 1154704,1,1.175,0.368,-0.748
GYRO: 1155207,1,0.580,-0.670,-0.031
GYRO: 1155708,1,0.794,-2.624,0.382
GYRO: 1156209,1,0.641,-0.930,0.290
GYRO: 1156711,1,0.748,-1.082,0.794
GYRO: 1157217,1,0.519,-1.204,0.290
GYRO: 1157718,1,0.778,-0.884,0.031
GYRO: 1158221,1,0.855,-0.349,0.046
GYRO: 1158722,1,0.870,-0.777,0.214
GYRO: 1159229,1,0.962,0.078,0.153
GYRO: 1159725,1,0.809,-1.143,0.214
GYRO: 1160227,1,1.267,0.414,-0.046
GYRO: 1160728,1,0.916,-0.731,0.153
GYRO: 1161230,1,0.656,1.254,-0.275
GYRO: 1161731,1,1.221,-0.227,-0.183
GYRO: 1162233,1,0.549,-0.105,0.382
GYRO: 1162734,1,1.129,-0.762,0.198
GYRO: 1163235,1,0.244,0.796,0.275
GYRO: 1163736,1,-0.016,-2.319,0.183
GYRO: 1164238,1,0.397,2.780,-0.321
GYRO: 1164745,1,0.824,-2.014,0.275
GYRO: 1165240,1,0.855,-1.983,-0.748
GYRO: 1165741,1,1.191,3.971,-1.130
GYRO: 1166242,1,1.267,-4.456,0.137
GYRO: 1166743,1,1.099,3.605,-0.275
GYRO: 1167375,1,0.962,-6.487,0.336
GYRO: 1167743,1,0.488,0.597,-0.260
GYRO: 1168244,1,1.343,0.048,-0.702
GYRO: 1168745,1,0.839,-2.594,-0.229
GYRO: 1169247,1,1.023,3.696,0.290
GYRO: 1169748,1,0.885,-2.548,0.519
GYRO: 1170249,1,0.732,-2.395,-0.137
GYRO: 1170750,1,1.481,0.704,0.229
GYRO: 1171253,1,1.023,-0.960,-0.290
GYRO: 1171755,1,0.962,1.162,0.214
GYRO: 1172260,1,1.114,-0.288,0.336
GYRO: 1172764,1,0.885,0.109,-0.214
GYRO: 1173261,1,0.565,0.170,-0.412
GYRO: 1173761,1,1.236,-2.136,0.168
GYRO: 1174262,1,0.626,2.185,0.412
GYRO: 1174764,1,0.778,-3.250,0.519
GYRO: 1175266,1,1.023,-0.899,-0.076
GYRO: 1175768,1,1.420,1.086,-0.550
GYRO: 1176270,1,1.267,-1.388,0.076
GYRO: 1176770,1,0.732,0.689,0.351
GYRO: 1177272,1,1.206,1.360,-0.382
GYRO: 1177772,1,0.717,-0.426,-0.122
GYRO: 1178279,1,0.595,0.719,-0.076
GYRO: 1178776,1,0.870,-0.670,0.122
GYRO: 1179277,1,1.297,0.063,-0.137
GYRO: 1179778,1,1.465,-1.815,0.000
GYRO: 1180280,1,1.023,0.551,-0.076
GYRO: 1180781,1,0.839,0.689,0.305
GYRO: 1181284,1,0.824,-2.563,0.275
GYRO: 1181785,1,0.977,-0.670,0.565
GYRO: 1182286,1,0.885,-1.204,-0.092
GYRO: 1182787,1,0.732,-0.288,0.382
GYRO: 1183289,1,1.023,-0.349,0.458
GYRO: 1183796,1,0.641,-2.914,0.336
GYRO: 1184292,1,0.900,0.444,0.473
GYRO: 1184793,1,0.824,-1.693,0.275
GYRO: 1185294,1,0.641,0.399,0.397
GYRO: 1185795,1,0.931,-0.578,0.504
GYRO: 1186297,1,0.992,-0.456,-0.305
GYRO: 1186798,1,1.252,0.612,-0.214
GYRO: 1187302,1,1.236,-2.212,0.214
GYRO: 1187803,1,1.786,1.757,0.198
GYRO: 1188305,1,0.885,-0.991,-0.229
GYRO: 1188806,1,-0.061,-2.212,-0.427
GYRO: 1189313,1,0.641,-2.105,-0.397
GYRO: 1189809,1,0.931,-3.617,0.137
GYRO: 1190311,1,1.114,1.269,0.275
GYRO: 1190812,1,0.503,2.368,-0.489
GYRO: 1191314,1,0.534,-4.716,0.061
GYRO: 1191819,1,1.023,-1.525,-0.153
GYRO: 1192316,1,1.252,0.582,-0.061
GYRO: 1192817,1,1.878,-0.151,0.000
GYRO: 1193318,1,1.053,0.765,0.336
GYRO: 1193819,1,0.397,-0.273,0.122
GYRO: 1194321,1,0.503,-2.075,0.092
GYRO: 1194822,1,1.023,2.536,-0.229
GYRO: 1195324,1,1.481,-1.250,0.198
GYRO: 1195826,1,1.023,-0.670,0.015
GYRO: 1196326,1,1.068,-0.273,0.229
GYRO: 1196827,1,0.992,-1.403,-0.214
GYRO: 1197334,1,0.931,-1.036,-0.229
GYRO: 1197829,1,0.763,1.589,-0.214
GYRO: 1198331,1,1.191,-2.014,0.427
GYRO: 1198832,1,0.870,0.322,-0.321
GYRO: 1199333,1,0.473,0.506,-0.076
GYRO: 1199835,1,0.885,-3.632,0.641
GYRO: 1200336,1,0.992,1.086,-0.366
GYRO: 1200841,1,1.114,-2.792,0.229
GYRO: 1201342,1,1.068,1.147,0.198
GYRO: 1201844,1,0.732,1.223,-0.183
GYRO: 1202345,1,1.542,-4.059,0.275
GYRO: 1202859,1,0.748,0.841,-0.183
GYRO: 1203347,1,0.855,-0.838,0.244
GYRO: 1203848,1,1.068,-0.624,0.031
GYRO: 1204350,1,0.992,-0.777,0.061
GYRO: 1204851,1,0.641,0.124,-0.031
GYRO: 1205353,1,0.656,-1.601,0.046
GYRO: 1205855,1,0.916,0.124,-0.214
GYRO: 1206357,1,0.671,-1.540,0.366
GYRO: 1206860,1,0.824,1.422,-0.397
GYRO: 1207360,1,0.839,-1.540,-0.046
GYRO: 1207861,1,0.855,0.536,0.107
GYRO: 1208370,1,1.297,-1.052,-0.107
GYRO: 1208864,1,1.206,-0.746,-0.183
GYRO: 1209365,1,0.794,-0.792,0.336
GYRO: 1209866,1,0.565,-1.494,0.809
GYRO: 1210368,1,0.458,-0.197,0.137
GYRO: 1210869,1,-0.061,-1.464,0.748
GYRO: 1211547,1,0.977,-1.601,0.214
GYRO: 1211871,1,0.931,1.391,-0.260
GYRO: 1212373,1,0.809,-1.510,0.244
GYRO: 1212873,1,0.839,-0.075,-0.275
GYRO: 1213375,1,0.962,1.254,-0.397
GYRO: 1213883,1,0.748,-2.166,0.565
GYRO: 1214378,1,0.656,0.338,-0.137
GYRO: 1214880,1,1.053,0.109,0.153
GYRO: 1215380,1,0.916,-1.357,-0.122
GYRO: 1215882,1,0.870,1.223,-0.260
GYRO: 1216387,1,0.519,-0.044,-0.031
GYRO: 1216884,1,0.671,-1.189,0.275
GYRO: 1217385,1,1.191,1.559,0.137
GYRO: 1217886,1,0.916,-1.586,-0.122
GYRO: 1218392,1,1.297,-0.991,-0.229
GYRO: 1218892,1,1.084,0.643,-0.122
GYRO: 1219394,1,0.916,-1.937,0.321
GYRO: 1219896,1,0.503,0.506,0.046
GYRO: 1220397,1,0.794,-0.533,0.275
GYRO: 1220899,1,0.839,-0.151,-0.198
GYRO: 1221400,1,0.274,-0.624,-0.076
GYRO: 1221906,1,0.962,0.658,0.687
GYRO: 1222403,1,1.633,-0.197,-0.153
GYRO: 1222905,1,1.084,-0.090,0.214
GYRO: 1223406,1,0.916,1.208,0.519
GYRO: 1223908,1,0.916,-0.960,0.061
GYRO: 1224409,1,0.626,-1.952,0.519
GYRO: 1224910,1,1.572,-0.044,0.321
GYRO: 1225411,1,1.191,-0.716,0.168
GYRO: 1225913,1,0.549,0.536,-0.076
GYRO: 1226414,1,0.534,-2.181,0.397
GYRO: 1226916,1,0.778,-0.090,0.397
GYRO: 1227422,1,0.702,0.872,-0.290
GYRO: 1227919,1,0.687,-0.670,0.137
GYRO: 1228420,1,1.084,-0.487,-0.198
GYRO: 1228922,1,0.503,-0.472,0.382
GYRO: 1229423,1,0.671,-1.342,-0.061
GYRO: 1229925,1,0.977,0.857,0.244
GYRO: 1230427,1,0.931,-0.090,0.000
GYRO: 1230929,1,0.259,-3.571,0.611
GYRO: 1231430,1,1.175,2.292,-0.351
GYRO: 1231930,1,0.381,-1.861,0.244
GYRO: 1232432,1,0.717,0.994,0.061
GYRO: 1232937,1,0.702,-1.067,0.198
GYRO: 1233437,1,1.160,-2.304,0.397
GYRO: 1233936,1,0.855,2.307,-0.153
GYRO: 1234438,1,0.397,-2.273,0.031
GYRO: 1234939,1,1.221,0.353,-0.061
GYRO: 1235441,1,0.916,-0.304,0.122
GYRO: 1235942,1,0.900,-2.136,0.595
GYRO: 1236442,1,0.381,2.017,-0.412
GYRO: 1236945,1,0.702,-1.403,0.504
GYRO: 1237447,1,0.839,-1.189,-0.076
GYRO: 1237948,1,1.038,-0.136,-0.061
GYRO: 1238454,1,0.824,0.673,-0.076
GYRO: 1238952,1,1.023,-0.243,-0.183
GYRO: 1239454,1,1.252,-2.624,-0.153
GYRO: 1239955,1,0.732,1.452,0.198
GYRO: 1240457,1,0.977,0.597,0.046
GYRO: 1240965,1,0.931,-0.640,0.015
GYRO: 1241460,1,1.023,2.063,-0.275
GYRO: 1241961,1,1.191,-0.533,-0.137
GYRO: 1242463,1,0.778,-1.128,-0.061
GYRO: 1242965,1,0.717,-0.670,0.244
GYRO: 1243467,1,1.129,1.574,-0.595
GYRO: 1243969,1,0.962,-1.113,0.122
GYRO: 1244473,1,0.794,1.330,0.107
GYRO: 1244975,1,0.885,-0.456,-0.305
GYRO: 1245476,1,0.763,-0.746,0.427
GYRO: 1245978,1,0.778,-0.181,0.137
GYRO: 1246487,1,0.503,0.017,-0.473
GYRO: 1246982,1,1.328,-0.044,0.122
GYRO: 1247483,1,0.687,-0.273,0.229
GYRO: 1247985,1,1.450,-1.052,0.046
GYRO: 1248487,1,0.870,-0.365,-0.611
GYRO: 1248994,1,1.175,2.185,-0.611
GYRO: 1249491,1,0.962,-1.723,-0.137
GYRO: 1249993,1,1.481,1.910,1.420
GYRO: 1250494,1,1.542,2.231,0.672
GYRO: 1250996,1,1.038,-3.265,0.550
GYRO: 1251497,1,1.160,1.574,-0.641
GYRO: 1252006,1,0.977,1.376,-0.198
GYRO: 1252500,1,0.717,-0.166,0.595
GYRO: 1253001,1,-0.336,-1.281,0.504
GYRO: 1253503,1,20.351,-18.075,39.756
GYRO: 1254004,1,48.427,492.429,-36.565
GYRO: 1254635,1,33.725,501.651,-74.947
GYRO: 1255004,1,-13.664,501.651,-31.282
GYRO: 1255505,1,-16.580,501.651,-18.702
GYRO: 1256007,1,-29.359,501.651,-11.481
GYRO: 1256508,1,-17.451,501.651,-11.573
GYRO: 1257010,1,6.198,385.437,-8.443
GYRO: 1257511,1,3.878,361.605,-13.130
GYRO: 1258012,1,-3.069,402.719,-2.992
GYRO: 1258513,1,-27.420,501.651,1.084
GYRO: 1259014,1,-19.100,501.651,4.137
GYRO: 1259515,1,-22.168,501.651,-5.466
GYRO: 1260018,1,-30.886,501.651,-12.641
GYRO: 1260519,1,-22.871,501.651,-17.695
GYRO: 1261020,1,-17.909,501.651,-14.015
GYRO: 1261521,1,-23.893,501.651,-8.366
GYRO: 1262023,1,-29.664,501.651,-10.840
GYRO: 1262524,1,-21.542,501.651,-9.802
GYRO: 1263026,1,-26.107,501.651,-15.817
GYRO: 1263527,1,-25.115,501.651,-10.977
GYRO: 1264033,1,-23.466,501.651,-10.397
GYRO: 1264529,1,-18.519,501.651,-11.618
GYRO: 1265030,1,-24.199,501.651,-9.069
GYRO: 1265532,1,-16.580,501.651,-7.145
GYRO: 1266034,1,-21.664,501.651,-13.328
GYRO: 1266536,1,-18.993,501.651,-9.114
GYRO: 1267037,1,-15.878,501.651,-10.015
GYRO: 1267539,1,-11.267,501.651,-4.260
GYRO: 1268041,1,-15.100,501.651,-4.260
GYRO: 1268542,1,-10.260,501.651,-2.916
GYRO: 1269043,1,-13.527,501.651,2.916
GYRO: 1269546,1,-11.924,457.574,-4.748
GYRO: 1270049,1,-2.962,414.628,-4.840
GYRO: 1270551,1,-9.435,375.177,2.672
GYRO: 1271052,1,-15.176,335.880,-0.992
GYRO: 1271553,1,-3.329,294.292,-7.420
GYRO: 1272056,1,0.900,253.651,0.748
GYRO: 1272562,1,4.885,220.933,0.901
GYRO: 1273058,1,-0.519,192.338,10.031
GYRO: 1273558,1,-13.924,167.666,11.328
GYRO: 1274060,1,-22.061,147.742,3.053
GYRO: 1274562,1,-25.726,128.796,-10.962
GYRO: 1275069,1,-21.283,114.383,-28.702
GYRO: 1275566,1,-7.008,97.422,-46.000
